ring_km_from,ring_km_to,mean_lst,mean_ndvi,mean_built_frac,n_px
0.0,2.0,30.117548,0.24198681,0.7837468536497663,13905
2.0,4.0,30.37327,0.23014635,0.8410660417341876,40111
4.0,6.0,30.371534,0.26483753,0.6350129790807757,65490
6.0,8.0,29.873539,0.3252695,0.42676133861734916,90840
8.0,10.0,29.98056,0.35935137,0.33140889181146416,89723
10.0,12.0,29.42083,0.38013276,0.25195280039886986,90255
12.0,14.0,28.618612,0.44096446,0.15262207463247324,82511
14.0,16.0,28.464727,0.4622443,0.19344729344729344,77220
16.0,18.0,28.608795,0.4721766,0.18277897128182335,80994
18.0,20.0,28.535746,0.49565858,0.19485848976615625,58971
20.0,22.0,28.234644,0.4949588,0.17592921014803892,53567
22.0,24.0,27.863493,0.5067704,0.10893593536815317,65231
24.0,26.0,27.636381,0.50091535,0.1046034892453922,81221
26.0,28.0,27.784874,0.4895021,0.14287160452168043,88905
28.0,30.0,27.429562,0.51051855,0.06123992215735335,89925
30.0,32.0,27.188417,0.52006644,0.018089101746890397,87069
32.0,34.0,27.404676,0.4792036,0.04333700759993038,86185
34.0,36.0,27.382776,0.4916104,0.023009693719707125,77576
36.0,38.0,27.404305,0.49681735,0.020100349703512238,65770
38.0,40.0,27.221167,0.4790298,0.01625287104888986,45715
40.0,42.0,26.87381,0.5468255,0.01709672312806712,31585
42.0,44.0,26.672617,0.5613143,0.0075474546209290914,26499
44.0,46.0,26.53905,0.5552209,0.004972674905223771,20311
46.0,48.0,26.637869,0.57483685,0.006727629000653168,15310
48.0,50.0,26.652521,0.56944907,0.003403227577121528,9109
50.0,52.0,26.367092,0.57892716,0.0030930287889602663,4203
52.0,54.0,26.867283,0.56411576,0.0,1321
