ward_id,name,thana,2022-02-24,2025-05-07,2026-02-19,2026-06-03,2025-10-22,mean_z,n_dates_top_decile,persistent_hotspot
188,Ward No-90,Shyampur,32.142986571114015,39.841835223503836,35.26084526709081,46.41230532997533,40.15569791973762,1.6639249031594008,5,True
80,Ward No-88,Kadamtali,31.869142178848172,38.65196436242999,34.726224817714964,47.68629108341352,40.886272982036026,1.619593713232098,4,False
23,Ward No-65,Chak Bazar,31.869629207906456,40.037819574849415,34.56989892899892,47.26046486466485,,1.5302532236454507,4,False
200,Ward No-38 (Part),Tejgaon Ind. Area,31.33927744359643,40.17395478502742,34.67682673874505,47.99688898475425,,1.524836810067912,4,False
115,Ward No-60,Lalbagh,32.055769886502645,40.55112936700809,34.19333764954251,47.42303199210595,38.823820411765965,1.5206199961102007,5,True
153,Ward No-05,Pallabi,31.51353915345435,41.72624114790773,33.674989129359425,46.16702728142935,39.60628534454146,1.5182843673544797,4,False
187,Ward No-87,Shyampur,31.85846932511649,39.18951933687265,34.57943187040441,46.64846688128532,39.90776281187212,1.4774953472205306,4,False
70,Ward No-58,Hazaribagh,32.07668008798538,40.51832725844143,34.08208530812353,46.13954465182497,38.542239862908154,1.3966059450985067,4,False
69,Ward No-48 (Part),Hazaribagh,31.865317343029723,41.02639867870926,34.043044452438224,45.4287930490894,38.67189202284118,1.383088936918533,4,False
18,Ward No-98 (rest. Area),Biman Bandar,30.64682493999108,40.93606935250904,35.16724972511219,45.320899886694306,38.62586251276661,1.3061630762155072,2,False
74,Ward No-84,Jatrabari,31.790158226376487,38.00120059986471,34.463789363851525,46.327993713225936,39.666720359247726,1.2931106017239609,4,False
81,Ward No-89,Kadamtali,31.20255416155518,38.9709790862953,34.11322907341851,46.05389101751919,40.015553119754,1.2925148684508698,4,False
24,Ward No-66 (Part),Chak Bazar,31.50157732282366,39.055539313163464,34.12971561976841,47.17966918945312,,1.2845068683451775,3,False
88,Sultanganj,Kamrangir Char,31.773948014056096,39.45353871643188,33.959957795690315,46.230810206679045,38.73440645811988,1.266465609987128,5,True
118,Ward No-91,Lalbagh,31.59998047686398,40.06938777681292,33.28884146167749,46.51797016543863,38.45300691906071,1.2188255509280748,3,False
131,Ward No-31,Motijheel,31.460299971790192,,34.32213153856658,45.3643897090796,38.67598948263749,1.2060939845943301,3,False
119,Ward No-92,Lalbagh,31.700665585280674,39.83111645848618,33.47025519821244,46.35839611382654,37.861367433809384,1.1499004890251323,3,False
199,Ward No-37,Tejgaon Ind. Area,31.463006719174594,38.65984846743977,34.79431483525815,46.37494542611429,37.926680480541826,1.1464250526862956,3,False
167,Ward No-30,Sabujbagh,30.9446925871362,,33.81955348984878,46.177394555873626,38.65292764426301,1.1118263813552387,1,False
76,Ward No-86,Jatrabari,31.294853976872414,37.90015547292533,34.0402604891285,46.046043942211405,39.09016414973289,1.0866210695123346,4,False
75,Ward No-85,Jatrabari,31.31113984223006,,33.81907868737841,44.7566392475529,38.57862843316816,1.05464065489744,1,False
152,Ward No-03,Pallabi,30.961619142854595,40.599357207833904,32.83712684944884,44.37764574686686,38.86767661734803,1.0496859477620886,2,False
27,Ward No-09,Darus Salam,30.97148407505904,40.600464199843564,32.535551521255286,44.8280422757166,38.67165638265313,1.0258207485525859,1,False
15,Ward No-71 (Part),Bangshal,30.675744049740533,,33.35047623014798,46.436691172801666,,0.9852799935366479,1,False
28,Ward No-10,Darus Salam,30.840085566043854,40.22272019088268,33.0733735114336,44.53052584826946,38.477130472660065,0.984527413130847,1,False
3,Badda,Badda,30.338281659392052,38.482347914390644,34.45195088958943,44.6098458992961,39.101011940796454,0.962976459784918,2,False
79,Shyampur,Kadamtali,31.073707511373808,38.5613446344351,33.533438533185475,43.70557987164564,39.378807259106814,0.9559623544142287,1,False
1,Ward No-43,Adabor,30.880657677143784,39.87738528106105,32.9093602624645,44.65362588097067,38.38697987682414,0.9372556560144492,1,False
72,Matuail (part),Jatrabari,30.448257557934674,,34.010722147945856,43.621069331544376,39.196490707805715,0.9290857941495512,2,False
14,Ward No-70,Bangshal,30.576854366282518,38.546090960502625,33.46626066038122,46.30986430382853,,0.9088959111490618,1,False
71,Dhania(part),Jatrabari,30.581983129445614,36.584479154602214,33.603813725075106,45.52751480789074,39.97322713868108,0.8847451215776907,1,False
189,Ward No-74,Sutrapur,30.876083731905485,38.71380713678175,33.59167636635461,46.7646285913138,37.07205610312963,0.8724516201239052,1,False
83,Ward No-14 (part),Kafrul,30.38608412538031,39.60987773429443,32.53082753801503,45.33259476062863,38.590205705598635,0.8693156622870347,1,False
124,Ward No-14 (part),Mirpur,30.30852117339309,39.483884700766296,32.36720576806301,45.793785411641345,38.55491333715877,0.8541984773775695,1,False
190,Ward No-75,Sutrapur,30.919467566148292,37.563775380452476,33.80673913972046,45.741378810352565,38.13880132606467,0.8486607845713732,0,False
186,Ward No-83,Shyampur,31.164496651832973,38.117618343694424,33.30543013575277,,38.23983886048954,0.847590375645217,0,False
5,Bhatara,Badda,30.207326856820274,37.707888051692606,34.70286219795178,44.41480557853582,38.717535179468484,0.8385882387949282,2,False
2,Ward No-46,Adabor,30.807198098989634,39.31251124961703,32.97630169208233,43.815375921552274,38.28268268291767,0.8147925412274567,0,False
104,Ward No-25,Khilgaon,30.137768560461875,,33.38431764889575,45.30406011402776,38.424890754577,0.8143578088130032,0,False
84,Ward No-15 (part),Kafrul,30.582833058570397,39.28089101557635,33.49437199506757,44.133419243373254,37.93319394033401,0.8124072831798644,0,False
166,Ward No-29,Sabujbagh,30.353811717103305,,33.19677962585628,45.82136719107977,38.03604072279944,0.8122930563314031,0,False
82,Ward No-04,Kafrul,30.398416500192,39.312901103475625,33.11119900118056,44.578960265362234,38.04687235716702,0.7915677859830514,0,False
49,Ward No-47 (Part),Dhanmondi,30.47008344422968,39.128293131299586,32.63112209497956,44.67901793168616,38.44906371121579,0.7875914274797999,0,False
89,Aganagar,Keraniganj,30.873635599632525,38.38594180975691,33.29762257595622,45.17994146655731,37.50336632905183,0.761691186179711,0,False
109,Ward No-68 (Part),Kotwali,30.212420376864348,,32.91783589064473,45.8874766031901,,0.746839390239983,0,False
132,Ward No-32,Motijheel,30.689327772658284,,33.57248951762217,44.363193663662784,37.61312757971252,0.7442314747166592,0,False
85,Ward No-16,Kafrul,30.824440016795865,38.74991230639364,33.52963583399861,43.170009737598654,37.76905255290695,0.7193971049373193,0,False
116,Ward No-61,Lalbagh,30.606283877940662,38.91871413327335,32.82769672522384,45.282388545689955,37.35033358450348,0.7167624781581444,0,False
129,Ward No-47(part),Mohammadpur,30.74852532000581,39.423909617302286,33.337042269956314,42.64015714787254,37.492428782229254,0.6895477953349047,0,False
63,Ward No-81,Gendaria,30.72712095312797,37.512386333616305,33.20177077087588,45.49431804582184,37.69558410151517,0.6885225603126106,0,False
105,Ward No-26,Khilgaon,29.858135051309876,,33.367219094348414,44.406149654065146,38.3840148026201,0.6875089245664023,0,False
122,Ward No-12,Mirpur,30.100462826621673,39.421287882054834,32.05283387697496,44.87860644763245,38.05663272693479,0.6724133874940801,0,False
50,Ward No-48 (Part),Dhanmondi,30.373732655497093,39.26267801228564,32.545090794292975,44.415293514052756,37.66671047080942,0.6714512480352505,0,False
120,Ward No-07 (Part),Mirpur,30.13853412438493,39.4783766660462,31.74991960332319,44.94462397173184,38.08637042247568,0.6599927540944428,1,False
17,Ward No-01,Biman Bandar,29.63325705179354,39.35911429800638,32.816219795040965,44.23973455661681,38.12631631064248,0.6470037680372906,0,False
123,Ward No-13,Mirpur,30.24648702020876,39.07297785141889,32.10462138562054,44.590292033002584,38.016455204841584,0.6417642880773436,0,False
22,Ward No-64,Chak Bazar,30.31254487879136,38.28465516333487,32.65838790594363,45.196317186542586,,0.6415664202594302,0,False
193,Ward No-79,Sutrapur,30.351314265553544,37.834111407520325,32.94774751740743,45.32484311352444,,0.6405551707256717,0,False
121,Ward No-11,Mirpur,30.281936064349328,38.956268472730635,32.454819658142576,44.03380312383228,38.00228808853244,0.6347929179972762,0,False
185,Ward No-41,Sher-e-bangla Nagar,30.170028879905797,38.65015760017164,32.54244028205388,43.889723706807935,38.1965338293155,0.6118754478086194,0,False
12,Ward No-68 (part),Bangshal,30.02095217821075,,32.60142163532536,45.49964141845703,,0.608273652647252,0,False
196,Ward No-39,Tejgaon,30.235214768794545,38.874572118123375,33.31083275218519,44.89746456359182,36.59207485689975,0.5980394817400188,0,False
164,Ward No-27,Sabujbagh,29.954791684163784,,33.00006170525861,44.92637750925111,37.67265700944934,0.5952854322535963,0,False
11,Ward No-67 (part),Bangshal,30.018924432051808,,32.58347232216283,45.39873191431949,,0.5942913585913373,0,False
125,Ward No-42,Mohammadpur,30.334441685888816,38.988029230949785,32.58670406171759,42.89044001652644,37.90183830827209,0.575885624024097,0,False
112,Ward No-73,Kotwali,30.592289958508488,37.66086506090666,33.00997661455028,44.01136209507181,,0.5674841865487316,0,False
100,Zinjira,Keraniganj,30.568282461638496,38.26522786357615,33.01280868077042,45.121462196878866,36.50043620579999,0.5585757727669033,0,False
111,Ward No-72,Kotwali,30.07943582310923,,32.39192994883363,45.22949572576993,,0.558363876936668,0,False
108,Ward No-17 (Part),Khilkhet,29.027039466695786,39.36970326435483,32.97815804348076,43.40598191760835,38.319384105577235,0.5501202740642888,0,False
61,Ward No-76 (Part),Gendaria,30.510604686951368,36.90972426053737,33.25120321552405,44.89223020174977,37.425536194990634,0.5361050079048914,0,False
13,Ward No-69,Bangshal,30.106709406926083,37.3455151236631,32.65485954284668,45.63990226158729,,0.525773626734863,0,False
156,Ward No-36,Paltan,30.254615982625584,37.507699626294,33.365563723972095,44.803685096220384,37.027763866184614,0.51836368013133,0,False
8,Ward No-21,Badda,29.912427302433894,37.29001855597925,33.14300030048077,43.89374915896438,38.193217886448956,0.504930764075852,0,False
86,Ward No-50,Kalabagan,30.00176959514015,38.37771776201752,32.47043232489778,45.27890004772198,36.99492378073906,0.5019840168737053,0,False
67,Ward No-20 (Part),Gulshan,30.2204616836098,38.13838648219737,33.61341454499928,44.06911528947998,36.353006565824465,0.47619166864918033,0,False
195,Ward No-38 (Part),Tejgaon,30.275945411828108,38.781134920638976,32.89412846714108,42.95726716956314,36.929689118356414,0.470609447804592,0,False
154,Ward No-06,Pallabi,29.830547619840118,39.12567971432137,31.735265073762328,44.010425016221006,37.554687582703465,0.4615509152199273,0,False
135,Ward No-35,Motijheel,30.16863371750404,36.13145896818418,32.92028556034483,45.632651756549706,37.6940326139417,0.45622299908525815,0,False
126,Ward No-44,Mohammadpur,30.173620086869384,38.69239847021165,32.38915796217576,42.80512008168339,37.48820620268778,0.4514352320608042,0,False
114,Ward No-59,Lalbagh,30.13561118395397,38.56959546600703,32.25885531301224,44.14894256333611,36.78193419274138,0.42283993041515816,0,False
65,Ward No-18,Gulshan,29.55050107538508,37.805254857508096,32.81133469741063,43.591402176623696,37.876839526319905,0.41505196561497276,0,False
159,Ward No-55,Ramna,30.030160864194233,,32.80652900536855,45.1798480351766,36.32021412568934,0.4079653219573874,0,False
103,Ward No-24,Khilgaon,30.099205143134263,35.402995440114545,33.28755405970982,44.90180072098594,37.98665818343241,0.40163809306223397,0,False
130,Ward No-51(part),Mohammadpur,29.788116392025277,38.18865790248903,32.340507065954284,43.68719304031022,37.426342420341555,0.39140113569071006,0,False
191,Ward No-77,Sutrapur,30.241028997871314,37.38840988996774,32.80559452356917,44.562325329727,36.55799162789677,0.3785265195990815,0,False
151,Ward No-02,Pallabi,29.73319988112466,38.94807722258322,31.805856249888222,43.51739265688004,37.24587657568974,0.37148364694963165,0,False
87,Ward No-51 (Part),Kalabagan,29.88968492296007,38.154045003255206,32.1358538140191,43.83029179380036,37.1931181539267,0.36335017024334143,0,False
101,Dakshingaon (Part),Khilgaon,29.405249884612026,,33.23591007888547,42.07882399434784,38.048651521477346,0.36205314904591757,0,False
77,Dhania(part),Kadamtali,29.560198122792315,35.80767620455834,32.80508145597792,44.21375761302864,38.74228260783863,0.36093437938144646,1,False
64,Ward No-82,Gendaria,30.173320234867564,36.990072886149086,32.528660355952745,,37.69660012763843,0.360100456221362,0,False
197,Ward No-40 (Part),Tejgaon,29.91215363181973,38.17779342527312,32.74817439035756,41.61676386283146,37.527997146006754,0.3321475663179105,0,False
160,Ward No-22,Rampura,29.761871041728476,36.36281857897888,32.799727814107,44.80286777406631,37.46450581975008,0.33126307338356614,0,False
97,Subhadya (Part),Keraniganj,31.420245155181966,37.20553435975941,33.449266713307416,41.72073512609633,35.771334968632345,0.32355938667018574,1,False
203,Ward No-01,Uttara,28.95313567347649,38.7388781593982,32.38435776649659,43.369516888208,37.48292218849558,0.3191187380895205,0,False
165,Ward No-28,Sabujbagh,29.551627745189005,,32.53720882154579,43.7835603167297,37.266263547431386,0.3181958673296517,0,False
127,Ward No-45,Mohammadpur,29.765044071759835,38.27534424071293,32.200468835919345,42.32835343740519,37.48437354099228,0.30449107334178616,0,False
128,Ward No-46,Mohammadpur,30.103280815224064,38.40927440618939,31.753974443935697,42.93273789533843,36.93672420913497,0.2936157300631105,0,False
161,Ward No-23,Rampura,29.893692439477935,35.53020410370409,33.104784077915255,44.572734312978135,37.4959462007259,0.2893522453016889,0,False
21,Ward No-63 (Part),Chak Bazar,29.80347104723407,37.32951937279661,32.33491588369385,43.55152948321074,,0.2676477374062107,0,False
194,Ward No-80 (Part),Sutrapur,30.15218706273321,37.328960817251634,32.632414177282534,,36.58611878352379,0.2500759002613843,0,False
133,Ward No-33,Motijheel,29.818499794085987,,32.657394504746215,42.98519496081517,36.604514677489725,0.22238577492835626,0,False
93,Kalindi,Keraniganj,30.637066698657105,36.82702776272817,32.77660035847075,42.43941840385037,36.35887445999404,0.22145479698577114,0,False
16,Dakshinkhan (part),Biman Bandar,28.588035945669688,37.991884782249365,32.624959377184915,42.63603983233052,37.7009571119969,0.1996631542943586,0,False
163,Manda,Sabujbagh,29.609257835728602,,32.228230634073576,43.024881388963806,37.04901986109616,0.198542015494563,0,False
184,Ward No-40 (Part),Sher-e-bangla Nagar,29.835245892168096,37.84144469189887,32.59698119278216,41.62187290290545,36.738919166818654,0.18240069883766946,0,False
25,Ward No-67 (Part),Chak Bazar,29.90868651561248,36.01749324798584,32.218543517283905,44.402891599214996,,0.17844089307916494,0,False
68,Ward No-46 (Part),Hazaribagh,29.859530363932695,38.24919462676095,31.585560732548778,42.63460147647896,36.675375759011445,0.17804401431921596,0,False
4,Beraid,Badda,30.079728481849674,37.1751848645645,33.96837239481772,39.91970220538167,36.56608378392011,0.16570836747199513,1,False
192,Ward No-78,Sutrapur,30.03902980964932,37.240155661376164,32.3969972480848,43.481603914803834,35.91743646666061,0.1529317864094435,0,False
201,Harirampur (Part),Turag,29.70698363193355,38.00283263749737,32.16473282673922,41.86088223517308,36.72639157829713,0.1495188969233243,0,False
134,Ward No-34,Motijheel,29.863851674090274,34.784238166615445,32.778959594874166,44.570373092337704,37.22886855138112,0.1486305949560035,0,False
168,Amin Bazar,Savar,30.19739029801588,38.436636522530875,32.47317550400903,40.535015593264134,36.06677244583477,0.13281199848292893,0,False
51,Ward No-49,Dhanmondi,29.544876480588076,37.63668376548745,31.81553084738031,42.06602603880704,37.18014755540345,0.12104277163278412,0,False
179,Tetuljhora,Savar,29.54469322772019,38.342500909777506,31.49526752723048,40.90167634750721,37.49516558892948,0.1208590080751752,0,False
31,Saralia,Demra,29.498036790271357,35.07177625771519,32.38991754850375,42.97070538686351,38.389189720029094,0.12042432567580785,0,False
7,Ward No-17 (Part),Badda,28.948832295990627,38.111153307731435,32.41480372616655,39.848838187552786,37.99725662184704,0.10120418520643501,0,False
19,Ward No-15 (part),Cantonment,29.21006902376546,37.7328998820834,32.24057188094936,42.62189170851505,36.41591696589648,0.07293579445619021,0,False
182,Ward No-56(part),Shahbagh,29.534840337842226,36.73022852979423,32.44408204557843,42.34825525131998,,0.06831522967162493,0,False
117,Ward No-62,Lalbagh,29.519036865234376,37.63882652776158,31.79839693135883,43.22601218152402,36.078389806071606,0.060589768946877245,0,False
107,Dumni,Khilkhet,28.944332232909655,37.616874329535534,33.491815883345495,39.93280879429408,36.99405426130949,0.05143005331612149,0,False
150,Ward No-52,New Market,29.67527576149202,37.63213917324726,32.200737459215425,42.69795993075489,35.67918943128172,0.04372292395071562,0,False
158,Ward No-54,Ramna,29.74729712534759,37.35918865053672,32.522647049467444,44.70331226105386,34.25226937753183,0.01978189588015473,0,False
177,Savar Paurashava,Savar,28.75989932447778,38.08081875702342,31.408981223423076,41.80887549133544,36.90040163150131,-0.035519557743729516,0,False
157,Ward No-53,Ramna,29.295142947465944,36.39010054280223,32.02435354379507,42.74491967051278,,-0.03740466131319459,0,False
155,Ward No-15 (part),Pallabi,28.905543500835652,37.49954773102381,31.661716150070824,42.640706831409084,36.519115299622115,-0.03812805675271582,0,False
20,Ward No-98 (Rest. Area),Cantonment,29.334863283440782,37.38216144718739,32.21172490682463,41.79180045423448,36.061943227448715,-0.03914313142369604,0,False
183,Ward No-57,Shahbagh,29.496570485883055,37.07649030657293,32.237857604800425,42.89887849853069,35.49262010414182,-0.04047595189064883,0,False
30,Matuail (part),Demra,29.024118391474754,34.651157285641155,32.09865572627332,42.08796924390805,38.48860562538838,-0.059765913696835996,0,False
26,Dakshinkhan (Part),Dakshinkhan,28.186277099498643,36.663932087222996,32.251253078956836,42.0689326050184,37.334323018286945,-0.10108033871595548,0,False
66,Ward No-19,Gulshan,29.004718638488608,37.14421879466996,31.81277574278798,42.67661288544372,35.948116918238796,-0.10715377739585086,0,False
6,Satarkul,Badda,29.441121496692443,35.523444423834924,33.341317864146,39.49235100896626,36.02196272608725,-0.237211825400692,0,False
181,Ward No-08,Shah Ali,28.956543474394298,36.939965010631695,30.788017453883477,41.812057618589506,36.398375605406024,-0.23970884385302077,0,False
78,Matuail (part),Kadamtali,28.886583311275455,34.02154229122138,31.71211674249912,42.259646353636974,37.597633711692815,-0.2718164154122765,0,False
99,Tegharia,Keraniganj,30.54876679850995,35.98912115889636,31.78324774843941,40.192124303021906,34.683587081337656,-0.3069187876089602,0,False
169,Ashulia,Savar,28.726386211115226,37.43275476336879,31.642647491250948,39.34501560034033,35.78914684132813,-0.3611351419586012,0,False
94,Konda,Keraniganj,30.31894509783668,35.9706865419181,30.688742652661137,40.155459762369645,35.28165621685521,-0.3853698105520976,0,False
96,Sakta,Keraniganj,29.50478596688554,36.57009149297746,31.676291712898223,39.366805558909135,35.26052535357642,-0.39220498259014336,0,False
106,Dakshinkhan (part),Khilkhet,28.23467995177945,36.788716958785585,32.080525749061785,39.309366447404074,36.28017615738958,-0.3932455988732034,0,False
162,Dakshingaon (Part),Sabujbagh,28.387871297200522,,31.545487253289473,40.293020022224475,36.32089385986328,-0.41980734923035085,0,False
173,Dhamsana,Savar,28.194409145925988,37.434730866683,30.457847888589527,40.39992759637956,36.38967175419936,-0.4208918991179254,0,False
38,Dhamrai Paurashava,Dhamrai,28.40151465376168,35.34571121915354,30.701519316276617,40.16109703073168,37.158264300012405,-0.49559135375394214,0,False
180,Yearpur,Savar,28.11476526232828,37.26885807768908,30.468314404220642,38.69427505488347,35.935644550622094,-0.60571322818796,0,False
170,Banagram,Savar,28.27251016326245,36.71747319841532,30.56453579602791,39.22461537575948,35.39585528489917,-0.6567586575184753,0,False
98,Taranagar,Keraniganj,29.024117613408386,36.00274909155309,30.614588631543914,38.46568385912799,35.238635612446885,-0.6811685456625358,0,False
171,Bhakurta,Savar,28.514817690258504,36.30229879454663,29.72689985946349,38.84274338035606,35.67244887425991,-0.7401183193156186,0,False
90,Basta,Keraniganj,29.67960595634695,34.676488839522534,31.35534349673217,38.19672484862871,34.354148547595074,-0.7616824228488352,0,False
172,Biralia,Savar,28.488502059744626,36.38400735179292,30.991061611842085,38.11963129050862,34.55138067569194,-0.7818994441888675,0,False
29,Demra (part),Demra,28.183870188004875,33.59599187394394,31.231234542042646,38.56358137538214,35.985690873451404,-0.8768582557576456,0,False
58,Nayabari,Dohar,28.259184172511482,36.64993805885315,29.081646148519024,38.477916841553935,35.1475005957847,-0.8913082049688708,0,False
176,Savar,Savar,27.88350153274421,36.00560708759801,30.723411627508103,37.95893568427016,34.61230364386059,-0.9334700085563796,0,False
144,Joykrishnapur,Nawabganj,28.063006114731696,37.42323357362803,28.440649485708988,37.95734765956529,35.17837015353557,-0.9378514919976615,0,False
91,Hazratpur,Keraniganj,28.3878878109662,35.0780041003609,29.37495905599949,38.17576811970527,35.3338428698524,-0.9930964294298426,0,False
202,Uttar Khan,Uttar Khan,27.057761940352037,35.193537078924656,30.980892498773812,38.72571285796345,35.11008749217818,-0.9962852544245635,0,False
92,Kalatia,Keraniganj,28.511717429570474,35.324100472599156,29.973845890537373,37.97216771805691,34.00867409503491,-1.0569298367258004,0,False
175,Pathalia(part),Savar,27.691779891496925,34.39312111686145,30.124964375720772,38.299762404637704,35.18388350330227,-1.0902369667829062,0,False
54,Kushumhati,Dohar,27.843628196417882,35.75991812865636,29.07254751815837,37.778742057754094,34.820026724737936,-1.1180925923141394,0,False
95,Ruhitpur,Keraniganj,28.69412507498465,34.14240190038603,30.05472334855886,37.812143492319365,34.16456228578882,-1.1296665002018655,0,False
48,Suti Para,Dhamrai,27.52892393582254,34.020027186886836,28.72151730178809,38.80863640740863,36.30119116993328,-1.1311317705475035,0,False
52,Bilaspur,Dohar,27.81844902360218,35.78045084198958,29.567537857287387,37.50083119012337,34.23208648954629,-1.1545572334344498,0,False
140,Baruakhali,Nawabganj,27.925734569802103,35.75291777078264,28.7380951325865,37.468766212819006,34.624928994268025,-1.1831811994146935,0,False
39,Gangutia,Dhamrai,27.20057063235195,,28.2556046991624,38.79442194111714,36.08500945460021,-1.1968106899192423,0,False
174,Kaundia,Savar,28.06503887466723,34.95248432147841,29.57771427614516,37.963268709402136,33.621015740522964,-1.2412152999676358,0,False
145,Kailail,Nawabganj,28.400132378114552,34.80369871995762,29.217474608632653,37.39446027299283,33.85168298981904,-1.2541078846156626,0,False
178,Shimulia,Savar,27.063573327733632,34.57718660842744,28.81365070001413,38.327719633786835,35.08546807950325,-1.303448642373731,0,False
46,Sombhag,Dhamrai,27.112081320744526,33.619364033657845,28.932773423547093,38.668955249804505,35.31798315398457,-1.329273800708087,0,False
102,Nasirabad,Khilgaon,27.336652700585056,33.43468476268819,30.4791766949554,36.99759190970558,34.563167282787724,-1.349661263315258,0,False
43,Nannar,Dhamrai,27.250982457883822,34.23485656325699,28.044380006610382,38.79854831299648,35.118734463196695,-1.3555693841325014,0,False
44,Rowail,Dhamrai,27.47104487928059,34.2762530890759,28.316710571697442,37.04936749426509,35.516890575458746,-1.3557972234299562,0,False
148,Shikari Para,Nawabganj,27.54855202504011,35.55628547854281,28.24203350574762,36.825990195047524,34.52758152424243,-1.3567939325951892,0,False
138,Bandura,Nawabganj,27.565230555387725,35.14895590377257,28.994930986502023,36.91301387532918,34.12591523800729,-1.3583765933610945,0,False
53,Dohar Paurashava,Dohar,27.537782523826948,35.01578024430074,28.970634479672217,37.245641478904744,34.06113491079709,-1.3644042853346523,0,False
41,Kulla,Dhamrai,27.36352336241378,33.702418172533456,29.04264517673413,37.92749454588356,34.92049274005034,-1.3669631884631355,0,False
149,Sholla,Nawabganj,27.964183198281116,34.05514057037139,28.91162117735783,37.04442730811982,34.192799442504516,-1.401157782435247,0,False
47,Suapur,Dhamrai,27.365408366835027,33.45197682015926,28.152546640443344,37.92223878353549,35.27872667467476,-1.4404650308936664,0,False
55,Mahmudpur,Dohar,28.31279497588343,33.8287319585662,28.72477379720622,37.00514711376287,33.80292556097309,-1.4408848881148963,0,False
40,Jadabpur,Dhamrai,26.608639304457053,34.95647239078106,27.673709531373614,38.647343809153455,34.940145202605706,-1.4433129771907596,0,False
42,Kushura,Dhamrai,26.75378159825863,33.982114192793205,27.91615217507037,39.074840448741526,35.03587951189379,-1.4551206752818135,0,False
146,Kalakopa,Nawabganj,27.5116860434346,34.271682427492955,28.74597013634092,37.33373077919138,34.072752999699716,-1.4562509203837375,0,False
34,Balia,Dhamrai,26.543443532567288,34.14869647351579,27.940108658973138,38.69117294642774,35.26283320109956,-1.4635851752455051,0,False
36,Chauhat,Dhamrai,26.65078357295213,34.0280979657896,28.018926656771242,38.54580421431919,35.09735493961958,-1.4804213479860555,0,False
147,Nayansree,Nawabganj,27.460927290114416,34.536046236533394,28.450490686171083,36.870853198739916,34.09499409894129,-1.4940254923146525,0,False
143,Jantrail,Nawabganj,27.61712003252017,35.05594729617566,28.21468777478334,36.62742293027781,33.77615282513865,-1.4977887309957336,0,False
45,Sanora,Dhamrai,26.752236112542107,33.21553783170453,28.023858833780857,39.02894224527398,35.20449043141714,-1.5020510653056387,0,False
59,Roypara,Dohar,27.396652922277784,34.53903904777557,28.7330676067664,36.9715476290577,33.761100780917516,-1.5063351271580516,0,False
35,Bhararia,Dhamrai,26.770274950721845,33.290863170063176,28.76045329186224,38.13134458491497,34.80086582025625,-1.5197916241244687,0,False
32,Amta,Dhamrai,26.559874533280542,33.60388584598846,27.91831000358571,38.69723946468179,35.221331266103434,-1.5207551396236476,0,False
139,Barrah,Nawabganj,27.761726298449254,33.22583636052249,28.917817992036465,37.032070092405135,33.921025198611524,-1.5414915695200513,0,False
33,Baisakanda,Dhamrai,26.459595444162026,34.498394824876705,27.741798016556046,38.965414935239565,34.37663302133955,-1.5470698724813239,0,False
60,Sutar Para,Dohar,27.295381621085323,34.55490145410168,28.4306683873429,37.09722927965354,33.63334286914152,-1.556715467718386,0,False
37,Dhamrai,Dhamrai,26.897263393553896,33.151427741243815,28.628130155820166,37.18529854915526,35.06411424952512,-1.5574097202273998,0,False
57,Narisha,Dohar,27.246867665005812,34.78686210910404,28.377669116083496,36.96201424339207,33.29750681347946,-1.5936783977496591,0,False
137,Bakshanagar,Nawabganj,27.364297323297922,33.61297059686756,28.689060522036872,37.125006190295466,33.75226851167513,-1.5966123064538489,0,False
56,Muksudpur,Dohar,27.132394315567485,34.882696204243786,28.257571588643845,37.34455416797679,33.133997443852714,-1.6077509748066212,0,False
141,Churain,Nawabganj,26.932344202167982,34.800011656669625,28.011185956693886,37.52906286643464,33.239381538825214,-1.6451773282879152,0,False
136,Agla,Nawabganj,27.21826861429625,33.147564297496615,28.3145608730715,37.53987743547142,33.45283187359461,-1.709132278653134,0,False
142,Galimpur,Nawabganj,26.992771632479265,33.807710814272625,28.127964338691314,37.17811626355795,33.52014841667284,-1.7103999833867327,0,False
9,Ward No-63 (Part),Bangshal,,,,,,,0,False
10,Ward No-66 (Part),Bangshal,,,,,,,0,False
62,Ward No-80 (Part),Gendaria,,,,,,,0,False
73,Ward No-76 (Part),Jatrabari,,,,,,,0,False
110,Ward No-71 (Part),Kotwali,,,,,,,0,False
113,Ward No-56 (Part),Lalbagh,,,,,,,0,False
198,Ward No-20 (Part),Tejgaon Ind. Area,,,,,,,0,False
