GID_4,GID_0,COUNTRY,GID_1,NAME_1,GID_2,NAME_2,GID_3,NAME_3,NAME_4,VARNAME_4,TYPE_4,ENGTYPE_4,CC_4,ward_id,name,thana,mean_lst,land_px,mean_ndvi,built_frac,suhi_C,gi_z,gi_p,hotspot,population,exposed_sd,exposed_p90
BGD.3.1.1.1_1,BGD,Bangladesh,BGD.3_1,Dhaka,BGD.3.1_1,Dhaka,BGD.3.1.1_1,Adabor,Ward No-43,NA,Union,Union,30260243,1,Ward No-43,Adabor,30.880657677143784,2014,0.18344322225779974,0.9746772591857001,3.4715962452590183,0.6818484695591978,0.022,hot,251358.58889770508,191781.95389938354,107249.81387042999
BGD.3.1.1.2_1,BGD,Bangladesh,BGD.3_1,Dhaka,BGD.3.1_1,Dhaka,BGD.3.1.1_1,Adabor,Ward No-46,NA,Union,Union,30260246,2,Ward No-46,Adabor,30.807198098989634,520,0.1752321447460697,0.9826923076923076,3.3981366671048683,0.6991612339867177,0.103,ns,46477.33630371094,37508.00199699402,8291.677046775818
BGD.3.1.2.1_1,BGD,Bangladesh,BGD.3_1,Dhaka,BGD.3.1_1,Dhaka,BGD.3.1.2_1,Badda,Badda,NA,Union,Union,30260413,3,Badda,Badda,30.338281659392052,3757,0.25621074103344493,0.7548575991482566,2.9292202275072867,0.32044743494665134,0.268,ns,137208.38013839722,103052.7632188797,74752.55174088478
BGD.3.1.2.2_1,BGD,Bangladesh,BGD.3_1,Dhaka,BGD.3.1_1,Dhaka,BGD.3.1.2_1,Badda,Beraid,NA,Union,Union,30260419,4,Beraid,Badda,30.08352365068435,13565,0.2562441791730792,0.09185403612237375,2.674462218799583,-0.3149090869388989,0.143,ns,5574.7436265945435,547.3476256132126,238.62504959106445
BGD.3.1.2.3_1,BGD,Bangladesh,BGD.3_1,Dhaka,BGD.3.1_1,Dhaka,BGD.3.1.2_1,Badda,Bhatara,NA,Union,Union,30260457,5,Bhatara,Badda,30.207326856820274,7045,0.21931273082920302,0.5815471965933287,2.798265424935508,0.2245620431590943,0.33,ns,161966.02972221375,106460.52215492725,46069.33596920967
BGD.3.1.2.4_1,BGD,Bangladesh,BGD.3_1,Dhaka,BGD.3.1_1,Dhaka,BGD.3.1.2_1,Badda,Satarkul,NA,Union,Union,30260482,6,Satarkul,Badda,29.441121496692443,9066,0.29804564633135705,0.1158173395102581,2.032060064807677,0.04092133672442562,0.451,ns,21222.117891311646,3143.883881866932,1179.8064552545547
BGD.3.1.2.5_1,BGD,Bangladesh,BGD.3_1,Dhaka,BGD.3.1_1,Dhaka,BGD.3.1.2_1,Badda,Ward No-17 (Part),NA,Union,Union,30260417,7,Ward No-17 (Part),Badda,28.948832295990627,3591,0.18555205620760973,0.9055973266499582,1.5397708641058614,-0.08525228661781753,0.46,ns,140346.29082679749,60761.57055875659,32882.46823757887
BGD.3.1.2.6_1,BGD,Bangladesh,BGD.3_1,Dhaka,BGD.3.1_1,Dhaka,BGD.3.1.2_1,Badda,Ward No-21,NA,Union,Union,30260421,8,Ward No-21,Badda,29.912427302433894,1625,0.17850463563891558,0.940923076923077,2.5033658705491284,0.23347585475199423,0.311,ns,53194.30551147461,32622.021617889404,12967.20938885212
BGD.3.1.3.3_1,BGD,Bangladesh,BGD.3_1,Dhaka,BGD.3.1_1,Dhaka,BGD.3.1.3_1,Bangshal,Ward No-67 (part),NA,Union,Union,30260567,11,Ward No-67 (part),Bangshal,30.018924432051808,190,0.19304077613510584,0.9578947368421052,2.609863000167042,0.4142023747853146,0.208,ns,21889.240295410156,10548.627670288086,1269.87939453125
BGD.3.1.3.4_1,BGD,Bangladesh,BGD.3_1,Dhaka,BGD.3.1_1,Dhaka,BGD.3.1.3_1,Bangshal,Ward No-68 (part),NA,Union,Union,30260568,12,Ward No-68 (part),Bangshal,30.02095217821075,164,0.14442158617624423,1.0,2.611890746325983,0.5217973799516308,0.132,ns,32161.203979492188,15450.385559082031,1748.2398529052734
BGD.3.1.3.5_1,BGD,Bangladesh,BGD.3_1,Dhaka,BGD.3.1_1,Dhaka,BGD.3.1.3_1,Bangshal,Ward No-69,NA,Union,Union,30260569,13,Ward No-69,Bangshal,30.106709406926083,416,0.15640397190761107,0.9951923076923077,2.697647975041317,0.48583269925615963,0.138,ns,99581.197265625,60789.88792800903,8902.367011070251
BGD.3.1.3.6_1,BGD,Bangladesh,BGD.3_1,Dhaka,BGD.3.1_1,Dhaka,BGD.3.1.3_1,Bangshal,Ward No-70,NA,Union,Union,30260570,14,Ward No-70,Bangshal,30.576854366282518,382,0.1411855258827746,0.9895287958115183,3.1677929343977524,0.6133406460934693,0.102,ns,91144.08422851562,81771.66241455078,35483.974210739136
BGD.3.1.3.7_1,BGD,Bangladesh,BGD.3_1,Dhaka,BGD.3.1_1,Dhaka,BGD.3.1.3_1,Bangshal,Ward No-71 (Part),NA,Union,Union,30260571,15,Ward No-71 (Part),Bangshal,30.675744049740533,274,0.13118593941313506,0.9781021897810219,3.2666826178557677,0.6034720149348765,0.062,ns,60429.30749511719,58878.24621582031,29743.1815032959
BGD.3.1.4.1_1,BGD,Bangladesh,BGD.3_1,Dhaka,BGD.3.1_1,Dhaka,BGD.3.1.4_1,Biman Bandar,Dakshinkhan (part),NA,Union,Union,30260638,16,Dakshinkhan (part),Biman Bandar,28.588035945669688,2570,0.23735117483666668,0.6747081712062257,1.1789745137849224,-0.36701975794180697,0.24,ns,42788.26417541504,4300.706060051918,1185.200420320034
BGD.3.1.4.2_1,BGD,Bangladesh,BGD.3_1,Dhaka,BGD.3.1_1,Dhaka,BGD.3.1.4_1,Biman Bandar,Ward No-01,NA,Union,Union,30260601,17,Ward No-01,Biman Bandar,29.63325705179354,164,0.15641179580877468,1.0,2.224195619908773,0.19712708262022585,0.424,ns,4384.136459350586,1397.9707145690918,228.64971780776978
BGD.3.1.4.3_1,BGD,Bangladesh,BGD.3_1,Dhaka,BGD.3.1_1,Dhaka,BGD.3.1.4_1,Biman Bandar,Ward No-98 (rest. Area),NA,Union,Union,30260698,18,Ward No-98 (rest. Area),Biman Bandar,30.64682493999108,6114,0.2199781759272521,0.4023552502453386,3.2377635081063154,-0.05296170793356461,0.309,ns,57630.15873146057,37063.488983765244,27002.736246861517
BGD.3.1.5.1_1,BGD,Bangladesh,BGD.3_1,Dhaka,BGD.3.1_1,Dhaka,BGD.3.1.5_1,Cantonment,Ward No-15 (part),NA,Union,Union,30260815,19,Ward No-15 (part),Cantonment,29.21006902376546,3603,0.36398805712217625,0.4718290313627533,1.801007591880694,0.3667483449715075,0.124,ns,68299.49295425415,17308.973735928535,5123.04525962472
BGD.3.1.5.2_1,BGD,Bangladesh,BGD.3_1,Dhaka,BGD.3.1_1,Dhaka,BGD.3.1.5_1,Cantonment,Ward No-98 (Rest. Area),NA,Union,Union,30260898,20,Ward No-98 (Rest. Area),Cantonment,29.334863283440782,8358,0.3618450564499227,0.45082555635319455,1.9258018515560167,0.22532300271800346,0.203,ns,221915.71335220337,58932.97596459091,29913.966966055334
BGD.3.1.6.1_1,BGD,Bangladesh,BGD.3_1,Dhaka,BGD.3.1_1,Dhaka,BGD.3.1.6_1,Chak Bazar,Ward No-63 (Part),NA,Union,Union,30260963,21,Ward No-63 (Part),Chak Bazar,29.80347104723407,359,0.27135163854838745,0.8133704735376045,2.3944096153493035,0.2474056976218827,0.294,ns,42104.34130859375,17436.035007953644,126.71618723869324
BGD.3.1.6.2_1,BGD,Bangladesh,BGD.3_1,Dhaka,BGD.3.1_1,Dhaka,BGD.3.1.6_1,Chak Bazar,Ward No-64,NA,Union,Union,30260964,22,Ward No-64,Chak Bazar,30.31254487879136,255,0.16879131300192254,0.9921568627450981,2.903483446906595,0.7294547016273566,0.029,hot,31588.17935180664,24804.344661712646,4496.139726638794
BGD.3.1.6.3_1,BGD,Bangladesh,BGD.3_1,Dhaka,BGD.3.1_1,Dhaka,BGD.3.1.6_1,Chak Bazar,Ward No-65,NA,Union,Union,30260965,23,Ward No-65,Chak Bazar,31.869629207906456,607,0.15633411161736563,0.9703459637561779,4.460567776021691,1.2471310040096117,0.001,hot,59905.03842163086,59302.4778137207,51834.31913912296
BGD.3.1.6.4_1,BGD,Bangladesh,BGD.3_1,Dhaka,BGD.3.1_1,Dhaka,BGD.3.1.6_1,Chak Bazar,Ward No-66 (Part),NA,Union,Union,30260966,24,Ward No-66 (Part),Chak Bazar,31.50157732282366,280,0.1405220618205411,0.9964285714285714,4.092515890938895,0.9602765515914784,0.038,hot,22441.984161376953,22441.984161376953,17363.474723815918
BGD.3.1.6.5_1,BGD,Bangladesh,BGD.3_1,Dhaka,BGD.3.1_1,Dhaka,BGD.3.1.6_1,Chak Bazar,Ward No-67 (Part),NA,Union,Union,30260967,25,Ward No-67 (Part),Chak Bazar,29.90868651561248,312,0.27229523243239295,0.6602564102564102,2.4996250837277145,0.5933986246007605,0.093,ns,44711.12976074219,22053.672795772552,5402.7107219696045
BGD.3.1.7.1_1,BGD,Bangladesh,BGD.3_1,Dhaka,BGD.3.1_1,Dhaka,BGD.3.1.7_1,Dakshinkhan,Dakshinkhan (Part),NA,Union,Union,30261038,26,Dakshinkhan (Part),Dakshinkhan,28.186277099498643,8819,0.32272471090281735,0.5955323732849529,0.7772156676138771,-0.8827395144226351,0.056,ns,171139.32033348083,10618.630400955677,577.8912400007248
BGD.3.1.8.1_1,BGD,Bangladesh,BGD.3_1,Dhaka,BGD.3.1_1,Dhaka,BGD.3.1.8_1,Darus Salam,Ward No-09,NA,Union,Union,30261109,27,Ward No-09,Darus Salam,30.97148407505904,2157,0.2341339635383381,0.688919796012981,3.5624226431742727,0.36544542635291927,0.297,ns,54237.319580078125,47998.55797821283,36920.82759869099
BGD.3.1.8.2_1,BGD,Bangladesh,BGD.3_1,Dhaka,BGD.3.1_1,Dhaka,BGD.3.1.8_1,Darus Salam,Ward No-10,NA,Union,Union,30261110,28,Ward No-10,Darus Salam,30.840085566043854,2048,0.2772902329561475,0.67431640625,3.431024134159088,0.3855830417395502,0.217,ns,98452.77328491211,88114.16340474784,69901.22193431854
BGD.3.1.9.1_1,BGD,Bangladesh,BGD.3_1,Dhaka,BGD.3.1_1,Dhaka,BGD.3.1.9_1,Demra,Demra (part),NA,Union,Union,30261265,29,Demra (part),Demra,28.18305945570859,13668,0.36756003613482624,0.11801287679250805,0.7739980238238253,-0.4138351917344005,0.243,ns,75911.43561935425,10898.06557597965,7106.203408096917
BGD.3.1.9.2_1,BGD,Bangladesh,BGD.3_1,Dhaka,BGD.3.1_1,Dhaka,BGD.3.1.9_1,Demra,Matuail (part),NA,Union,Union,30261280,30,Matuail (part),Demra,29.02478388099359,2081,0.24554708685971177,0.6785199423354157,1.615722449108823,0.0014544345505944248,0.442,ns,41205.81589508057,10992.956729054451,6121.162863731384
BGD.3.1.9.3_1,BGD,Bangladesh,BGD.3_1,Dhaka,BGD.3.1_1,Dhaka,BGD.3.1.9_1,Demra,Saralia,NA,Union,Union,30261293,31,Saralia,Demra,29.49747899066971,7636,0.2708668864555091,0.7180460974332111,2.0884175587849434,-0.12243032271996049,0.384,ns,218656.12758255005,76773.1649107635,30231.46563911438
BGD.3.1.10.1_1,BGD,Bangladesh,BGD.3_1,Dhaka,BGD.3.1_1,Dhaka,BGD.3.1.10_1,Dhamrai,Amta,NA,Union,Union,30261410,32,Amta,Dhamrai,26.559791953192224,11476,0.5446721800554605,0.009410944579993029,-0.8492694786925412,-2.0185930555913285,0.001,cold,19776.534388065338,0.0,0.0
BGD.3.1.10.2_1,BGD,Bangladesh,BGD.3_1,Dhaka,BGD.3.1_1,Dhaka,BGD.3.1.10_1,Dhamrai,Baisakanda,NA,Union,Union,30261411,33,Baisakanda,Dhamrai,26.46030143385342,20218,0.543288742961451,0.0014343654169551884,-0.9487599980313455,-1.9154726118684788,0.001,cold,26987.203762054443,130.33668106421828,111.9350410066545
BGD.3.1.10.3_1,BGD,Bangladesh,BGD.3_1,Dhaka,BGD.3.1_1,Dhaka,BGD.3.1.10_1,Dhamrai,Balia,NA,Union,Union,30261417,34,Balia,Dhamrai,26.543367072378786,16811,0.5609415166838307,0.0057700315269763845,-0.8656943595059801,-1.9213138559727698,0.001,cold,24073.709178447723,7.1031016879715025,0.0
BGD.3.1.10.4_1,BGD,Bangladesh,BGD.3_1,Dhaka,BGD.3.1_1,Dhaka,BGD.3.1.10_1,Dhamrai,Bhararia,NA,Union,Union,30261423,35,Bhararia,Dhamrai,26.770274950721845,17360,0.43355154464759516,0.014400921658986175,-0.6387864811629207,-1.6438109153919955,0.001,cold,24405.079533576965,36.32285765558481,1.3311522006988525
BGD.3.1.10.5_1,BGD,Bangladesh,BGD.3_1,Dhaka,BGD.3.1_1,Dhaka,BGD.3.1.10_1,Dhamrai,Chauhat,NA,Union,Union,30261429,36,Chauhat,Dhamrai,26.651244679187098,22923,0.5718192741822828,0.0027047070627753784,-0.7578167526976678,-2.0143028152088585,0.001,cold,33520.86773633957,0.0,0.0
BGD.3.1.10.6_1,BGD,Bangladesh,BGD.3_1,Dhaka,BGD.3.1_1,Dhaka,BGD.3.1.10_1,Dhamrai,Dhamrai,NA,Union,Union,30261435,37,Dhamrai,Dhamrai,26.897263393553896,6157,0.45653124913072285,0.0425531914893617,-0.5117980383308698,-1.4645490342027072,0.006,cold,18667.89307832718,37.098913012072444,0.0
BGD.3.1.10.7_1,BGD,Bangladesh,BGD.3_1,Dhaka,BGD.3.1_1,Dhaka,BGD.3.1.10_1,Dhamrai,Dhamrai Paurashava,NA,Union,Union,30261499,38,Dhamrai Paurashava,Dhamrai,28.40151465376168,6328,0.37765659992588985,0.37989886219974717,0.9924532218769144,-1.3813543436476297,0.002,cold,43783.07478713989,4670.084082894027,2067.625997632742
BGD.3.1.10.8_1,BGD,Bangladesh,BGD.3_1,Dhaka,BGD.3.1_1,Dhaka,BGD.3.1.10_1,Dhamrai,Gangutia,NA,Union,Union,30261441,39,Gangutia,Dhamrai,27.223570287795294,15120,0.5212842533793596,0.04867724867724868,-0.18549114408947176,-1.755178141616645,0.001,cold,29470.95044374466,1493.9100197553635,944.1241540051997
BGD.3.1.10.9_1,BGD,Bangladesh,BGD.3_1,Dhaka,BGD.3.1_1,Dhaka,BGD.3.1.10_1,Dhamrai,Jadabpur,NA,Union,Union,30261447,40,Jadabpur,Dhamrai,26.60926974033749,21612,0.5814156697164271,0.00277623542476402,-0.7997916915472771,-2.0054135369224926,0.001,cold,31359.213284492493,300.89946845173836,227.12471686676145
BGD.3.1.10.10_1,BGD,Bangladesh,BGD.3_1,Dhaka,BGD.3.1_1,Dhaka,BGD.3.1.10_1,Dhamrai,Kulla,NA,Union,Union,30261453,41,Kulla,Dhamrai,27.363379752297714,38134,0.43105769710605607,0.017831856086432056,-0.045681679587051605,-1.2212994450174042,0.005,cold,55389.1676864624,1112.5741811532062,574.3541153650731
BGD.3.1.10.11_1,BGD,Bangladesh,BGD.3_1,Dhaka,BGD.3.1_1,Dhaka,BGD.3.1.10_1,Dhamrai,Kushura,NA,Union,Union,30261459,42,Kushura,Dhamrai,26.75378159825863,27226,0.5386953252223801,0.008080511275986189,-0.6552798336261354,-1.8829337468579854,0.001,cold,38064.9847779274,267.9103188663721,221.25755834579468
BGD.3.1.10.12_1,BGD,Bangladesh,BGD.3_1,Dhaka,BGD.3.1_1,Dhaka,BGD.3.1.10_1,Dhamrai,Nannar,NA,Union,Union,30261465,43,Nannar,Dhamrai,27.250982457883822,18123,0.5179046842706971,0.009159631407603598,-0.15807897400094362,-1.4827992031950632,0.002,cold,21112.95219898224,386.02817563712597,147.67736145853996
BGD.3.1.10.13_1,BGD,Bangladesh,BGD.3_1,Dhaka,BGD.3.1_1,Dhaka,BGD.3.1.10_1,Dhamrai,Rowail,NA,Union,Union,30261471,44,Rowail,Dhamrai,27.470793673570004,27747,0.5136971634214159,0.0073881861102101124,0.061732241685238165,-1.4730659430505875,0.003,cold,38112.562289237976,15.364726155996323,0.0
BGD.3.1.10.14_1,BGD,Bangladesh,BGD.3_1,Dhaka,BGD.3.1_1,Dhaka,BGD.3.1.10_1,Dhamrai,Sanora,NA,Union,Union,30261477,45,Sanora,Dhamrai,26.752236112542107,19620,0.5292891425717619,0.015392456676860346,-0.6568253193426585,-1.675273219093507,0.001,cold,31963.310230255127,70.23064708709717,0.0
BGD.3.1.10.15_1,BGD,Bangladesh,BGD.3_1,Dhaka,BGD.3.1_1,Dhaka,BGD.3.1.10_1,Dhamrai,Sombhag,NA,Union,Union,30261483,46,Sombhag,Dhamrai,27.113018728053238,24233,0.4718443558575622,0.027813312425205298,-0.2960427038315281,-1.584675624806149,0.001,cold,46063.85459423065,2737.6923052817583,1430.6851721853018
BGD.3.1.10.16_1,BGD,Bangladesh,BGD.3_1,Dhaka,BGD.3.1_1,Dhaka,BGD.3.1.10_1,Dhamrai,Suapur,NA,Union,Union,30261488,47,Suapur,Dhamrai,27.365350968862646,16177,0.5341645052948185,0.007108858255548,-0.04371046302211923,-1.4440322920977748,0.004,cold,21787.3589553833,43.905646125320345,2.1872366666793823
BGD.3.1.10.17_1,BGD,Bangladesh,BGD.3_1,Dhaka,BGD.3.1_1,Dhaka,BGD.3.1.10_1,Dhamrai,Suti Para,NA,Union,Union,30261494,48,Suti Para,Dhamrai,27.528967221137357,26695,0.4959939046443837,0.04682524817381532,0.11990578925259143,-1.583135010742535,0.001,cold,51452.35542011261,2850.556719817221,1545.1806979421526
BGD.3.1.11.1_1,BGD,Bangladesh,BGD.3_1,Dhaka,BGD.3.1_1,Dhaka,BGD.3.1.11_1,Dhanmondi,Ward No-47 (Part),NA,Union,Union,30261647,49,Ward No-47 (Part),Dhanmondi,30.47008344422968,386,0.19325465340302397,0.9559585492227979,3.061022012344914,0.8375801536077983,0.052,ns,36762.5373840332,32322.495376586914,7350.916766643524
BGD.3.1.11.2_1,BGD,Bangladesh,BGD.3_1,Dhaka,BGD.3.1_1,Dhaka,BGD.3.1.11_1,Dhanmondi,Ward No-48 (Part),NA,Union,Union,30261648,50,Ward No-48 (Part),Dhanmondi,30.373732655497093,441,0.20627924984071802,0.9682539682539683,2.964671223612328,0.6325056484281535,0.152,ns,48514.98156738281,33935.07301157713,9513.199542999268
BGD.3.1.11.3_1,BGD,Bangladesh,BGD.3_1,Dhaka,BGD.3.1_1,Dhaka,BGD.3.1.11_1,Dhanmondi,Ward No-49,NA,Union,Union,30261649,51,Ward No-49,Dhanmondi,29.544876480588076,2357,0.2528698184086096,0.8442935935511243,2.1358150487033107,0.5419109462247649,0.038,hot,204627.41612243652,77497.25932246447,5839.357739448547
BGD.3.1.12.1_1,BGD,Bangladesh,BGD.3_1,Dhaka,BGD.3.1_1,Dhaka,BGD.3.1.12_1,Dohar,Bilaspur,NA,Union,Union,30261813,52,Bilaspur,Dohar,27.81201729001654,9323,0.44343329581147245,0.010404376273731631,0.4029558581317758,-1.2599410040555858,0.002,cold,26473.40132665634,206.49141882359982,141.8053269609809
BGD.3.1.12.2_1,BGD,Bangladesh,BGD.3_1,Dhaka,BGD.3.1_1,Dhaka,BGD.3.1.12_1,Dohar,Dohar Paurashava,NA,Union,Union,30261899,53,Dohar Paurashava,Dohar,27.537782523826948,14288,0.4953050458217655,0.054241321388577825,0.1287210919421824,-1.3480853866538163,0.001,cold,57363.4946475029,984.413156747818,505.5965488255024
BGD.3.1.12.3_1,BGD,Bangladesh,BGD.3_1,Dhaka,BGD.3.1_1,Dhaka,BGD.3.1.12_1,Dohar,Kushumhati,NA,Union,Union,30261821,54,Kushumhati,Dohar,27.843628196417882,18535,0.49182264466156295,0.007391421634745077,0.43456676453311616,-1.1670673121247344,0.004,cold,45102.49994492531,571.6190438754857,270.55009438842535
BGD.3.1.12.4_1,BGD,Bangladesh,BGD.3_1,Dhaka,BGD.3.1_1,Dhaka,BGD.3.1.12_1,Dohar,Mahmudpur,NA,Union,Union,30261831,55,Mahmudpur,Dohar,28.26458950622423,5396,0.18822651593196427,0.0007412898443291327,0.855528074339464,-1.1722886301119575,0.018,cold,8850.214377760887,44.026683166623116,21.324872940778732
BGD.3.1.12.5_1,BGD,Bangladesh,BGD.3_1,Dhaka,BGD.3.1_1,Dhaka,BGD.3.1.12_1,Dohar,Muksudpur,NA,Union,Union,30261842,56,Muksudpur,Dohar,27.137644558166706,12399,0.49721633567164963,0.020001613033309138,-0.27141687371806,-1.6536154083123602,0.012,cold,33374.96379804611,136.38108748197556,52.356727212667465
BGD.3.1.12.6_1,BGD,Bangladesh,BGD.3_1,Dhaka,BGD.3.1_1,Dhaka,BGD.3.1.12_1,Dohar,Narisha,NA,Union,Union,30261852,57,Narisha,Dohar,27.245693527552366,16150,0.49772953985436263,0.025696594427244583,-0.16336790433240012,-1.41324645053011,0.002,cold,53919.26100111008,24.526979446411133,0.0
BGD.3.1.12.7_1,BGD,Bangladesh,BGD.3_1,Dhaka,BGD.3.1_1,Dhaka,BGD.3.1.12_1,Dohar,Nayabari,NA,Union,Union,30261863,58,Nayabari,Dohar,28.172586668214258,5004,0.4847865096070004,0.015587529976019185,0.7635252363294924,-1.0866295191037028,0.013,cold,17139.277723312378,244.19019686244428,74.60523838549852
BGD.3.1.12.8_1,BGD,Bangladesh,BGD.3_1,Dhaka,BGD.3.1_1,Dhaka,BGD.3.1.12_1,Dohar,Roypara,NA,Union,Union,30261873,59,Roypara,Dohar,27.396652922277784,5140,0.5520151916499964,0.013229571984435798,-0.012408509606981255,-1.3165270676147984,0.019,cold,18179.300232887268,0.0,0.0
BGD.3.1.12.9_1,BGD,Bangladesh,BGD.3_1,Dhaka,BGD.3.1_1,Dhaka,BGD.3.1.12_1,Dohar,Sutar Para,NA,Union,Union,30261884,60,Sutar Para,Dohar,27.295320751035916,17408,0.502864788108341,0.014705882352941176,-0.11374068084884925,-1.508960683928131,0.001,cold,46596.13797235489,0.0,0.0
BGD.3.1.13.1_1,BGD,Bangladesh,BGD.3_1,Dhaka,BGD.3.1_1,Dhaka,BGD.3.1.13_1,Gendaria,Ward No-76 (Part),NA,Union,Union,30262476,61,Ward No-76 (Part),Gendaria,30.510604686951368,534,0.2083337734059225,0.8745318352059925,3.101543255066602,0.8755522371949369,0.006,hot,32531.95928955078,22337.78653526306,14328.972265481949
BGD.3.1.13.3_1,BGD,Bangladesh,BGD.3_1,Dhaka,BGD.3.1_1,Dhaka,BGD.3.1.13_1,Gendaria,Ward No-81,NA,Union,Union,30262481,63,Ward No-81,Gendaria,30.72712095312797,658,0.1562993152570942,0.9559270516717325,3.318059521243203,0.8176866989050118,0.026,hot,35107.84100341797,27028.84087562561,14322.744552612305
BGD.3.1.13.4_1,BGD,Bangladesh,BGD.3_1,Dhaka,BGD.3.1_1,Dhaka,BGD.3.1.13_1,Gendaria,Ward No-82,NA,Union,Union,30262482,64,Ward No-82,Gendaria,30.173320234867564,456,0.21092440290866712,0.9013157894736842,2.7642588029827984,1.04234632041017,0.002,hot,15111.660697937012,10355.21663993597,4014.0837177038193
BGD.3.1.14.1_1,BGD,Bangladesh,BGD.3_1,Dhaka,BGD.3.1_1,Dhaka,BGD.3.1.14_1,Gulshan,Ward No-18,NA,Union,Union,30262618,65,Ward No-18,Gulshan,29.55050107538508,1549,0.2180469574862484,0.9018721755971595,2.1414396435003127,0.02114746053457622,0.484,ns,41531.52697753906,13672.984435170889,4057.5575541853905
BGD.3.1.14.2_1,BGD,Bangladesh,BGD.3_1,Dhaka,BGD.3.1_1,Dhaka,BGD.3.1.14_1,Gulshan,Ward No-19,NA,Union,Union,30262619,66,Ward No-19,Gulshan,29.004718638488608,5318,0.25923511663738297,0.7781120722075968,1.5956572066038426,0.30129317003193234,0.153,ns,149255.66134643555,12787.882647275925,7907.017760276794
BGD.3.1.14.3_1,BGD,Bangladesh,BGD.3_1,Dhaka,BGD.3.1_1,Dhaka,BGD.3.1.14_1,Gulshan,Ward No-20 (Part),NA,Union,Union,30262620,67,Ward No-20 (Part),Gulshan,30.2204616836098,2069,0.2485226812700882,0.8018366360560657,2.8114002517250327,0.5681533508397246,0.085,ns,78404.99795532227,45599.10443007946,27291.104889407754
BGD.3.1.15.1_1,BGD,Bangladesh,BGD.3_1,Dhaka,BGD.3.1_1,Dhaka,BGD.3.1.15_1,Hazaribagh,Ward No-46 (Part),NA,Union,Union,30262846,68,Ward No-46 (Part),Hazaribagh,29.859530363932695,1616,0.2540078663663699,0.7772277227722773,2.4504689320479294,0.44635057685059565,0.139,ns,3195.991310119629,687.3634696006775,0.0
BGD.3.1.15.2_1,BGD,Bangladesh,BGD.3_1,Dhaka,BGD.3.1_1,Dhaka,BGD.3.1.15_1,Hazaribagh,Ward No-48 (Part),NA,Union,Union,30262848,69,Ward No-48 (Part),Hazaribagh,31.865317343029723,2915,0.22744545861695276,0.8171526586620926,4.456255911144957,0.7818960713465755,0.01,hot,73629.52536773682,73566.37016868591,59908.88081789017
BGD.3.1.15.3_1,BGD,Bangladesh,BGD.3_1,Dhaka,BGD.3.1_1,Dhaka,BGD.3.1.15_1,Hazaribagh,Ward No-58,NA,Union,Union,30262858,70,Ward No-58,Hazaribagh,32.07668008798538,1649,0.2207569537369174,0.8665858095815646,4.667618656100615,1.2011508844646215,0.002,hot,61601.22484588623,58565.47219848633,38730.65000104904
BGD.3.1.16.1_1,BGD,Bangladesh,BGD.3_1,Dhaka,BGD.3.1_1,Dhaka,BGD.3.1.16_1,Jatrabari,Dhania(part),NA,Union,Union,30262935,71,Dhania(part),Jatrabari,30.581983129445614,1061,0.1392787787764843,0.9877474081055608,3.1729216975608487,0.827772339342646,0.013,hot,121269.92037963867,100460.32111406326,50696.060131549835
BGD.3.1.16.2_1,BGD,Bangladesh,BGD.3_1,Dhaka,BGD.3.1_1,Dhaka,BGD.3.1.16_1,Jatrabari,Matuail (part),NA,Union,Union,30262980,72,Matuail (part),Jatrabari,30.448257557934674,9157,0.2593534903927695,0.5927705580430271,3.0391961260499087,0.31407081361734057,0.182,ns,291466.0996456146,184009.88779794797,113960.67544610798
BGD.3.1.16.4_1,BGD,Bangladesh,BGD.3_1,Dhaka,BGD.3.1_1,Dhaka,BGD.3.1.16_1,Jatrabari,Ward No-84,NA,Union,Union,30262984,74,Ward No-84,Jatrabari,31.790158226376487,798,0.1344230403484109,0.9949874686716792,4.381096794491722,1.1277999158893253,0.015,hot,48018.045654296875,48018.045654296875,45089.43637084961
BGD.3.1.16.5_1,BGD,Bangladesh,BGD.3_1,Dhaka,BGD.3.1_1,Dhaka,BGD.3.1.16_1,Jatrabari,Ward No-85,NA,Union,Union,30262985,75,Ward No-85,Jatrabari,31.31113984223006,1285,0.2695829808306137,0.6770428015564203,3.9020784103452932,0.9310773653942183,0.01,hot,51436.4168548584,45747.65378290415,40797.49603919685
BGD.3.1.16.6_1,BGD,Bangladesh,BGD.3_1,Dhaka,BGD.3.1_1,Dhaka,BGD.3.1.16_1,Jatrabari,Ward No-86,NA,Union,Union,30262986,76,Ward No-86,Jatrabari,31.294853976872414,876,0.154012359891376,0.8949771689497716,3.8857925449876483,1.2145859514419903,0.003,hot,49783.5358581543,46025.433497428894,42761.66167092323
BGD.3.1.17.1_1,BGD,Bangladesh,BGD.3_1,Dhaka,BGD.3.1_1,Dhaka,BGD.3.1.17_1,Kadamtali,Dhania(part),NA,Union,Union,30263235,77,Dhania(part),Kadamtali,29.560198122792315,1734,0.15006511077508244,0.9607843137254902,2.151136690907549,0.747627108483875,0.022,hot,194742.37063598633,54635.011719465256,13929.874139469117
BGD.3.1.17.2_1,BGD,Bangladesh,BGD.3_1,Dhaka,BGD.3.1_1,Dhaka,BGD.3.1.17_1,Kadamtali,Matuail (part),NA,Union,Union,30263280,78,Matuail (part),Kadamtali,28.8896107405465,1458,0.2808113089355095,0.6858710562414266,1.480549308661736,0.32697494584856834,0.142,ns,68674.8558807373,23904.418014883995,9679.582527697086
BGD.3.1.17.3_1,BGD,Bangladesh,BGD.3_1,Dhaka,BGD.3.1_1,Dhaka,BGD.3.1.17_1,Kadamtali,Shyampur,NA,Union,Union,30263295,79,Shyampur,Kadamtali,31.07017245457876,4185,0.24272207347687286,0.7524492234169654,3.6611110226939942,0.8825249505396288,0.011,hot,207776.54762268066,140521.7199474387,122780.7070838213
BGD.3.1.17.4_1,BGD,Bangladesh,BGD.3_1,Dhaka,BGD.3.1_1,Dhaka,BGD.3.1.17_1,Kadamtali,Ward No-88,NA,Union,Union,30263288,80,Ward No-88,Kadamtali,31.869142178848172,491,0.14298361045158564,0.9979633401221996,4.460080746963406,1.2200642854099313,0.002,hot,26967.099884033203,26728.64761352539,23021.65466403961
BGD.3.1.17.5_1,BGD,Bangladesh,BGD.3_1,Dhaka,BGD.3.1_1,Dhaka,BGD.3.1.17_1,Kadamtali,Ward No-89,NA,Union,Union,30263289,81,Ward No-89,Kadamtali,31.20255416155518,726,0.15115176417323511,0.9958677685950413,3.7934927296704153,1.1965376151503875,0.004,hot,46139.86471557617,41801.64110851288,38107.42709732056
BGD.3.1.18.1_1,BGD,Bangladesh,BGD.3_1,Dhaka,BGD.3.1_1,Dhaka,BGD.3.1.18_1,Kafrul,Ward No-04,NA,Union,Union,30263004,82,Ward No-04,Kafrul,30.398416500192,1709,0.25112255020508506,0.8279695728496197,2.9893550683072334,0.9221778172533432,0.008,hot,88595.84411621094,65481.03301858902,38391.566148757935
BGD.3.1.18.2_1,BGD,Bangladesh,BGD.3_1,Dhaka,BGD.3.1_1,Dhaka,BGD.3.1.18_1,Kafrul,Ward No-14 (part),NA,Union,Union,30263014,83,Ward No-14 (part),Kafrul,30.38608412538031,1212,0.19882377176222824,0.9925742574257426,2.9770226934955453,0.7293866922792643,0.046,hot,126265.74304199219,103759.67192268372,27205.189771294594
BGD.3.1.18.3_1,BGD,Bangladesh,BGD.3_1,Dhaka,BGD.3.1_1,Dhaka,BGD.3.1.18_1,Kafrul,Ward No-15 (part),NA,Union,Union,30263015,84,Ward No-15 (part),Kafrul,30.582833058570397,3011,0.29922194981824435,0.6908003985386915,3.1737716266856317,0.5945577207431537,0.105,ns,139710.75255584717,97584.26562526822,67306.30073833466
BGD.3.1.18.4_1,BGD,Bangladesh,BGD.3_1,Dhaka,BGD.3.1_1,Dhaka,BGD.3.1.18_1,Kafrul,Ward No-16,NA,Union,Union,30263016,85,Ward No-16,Kafrul,30.824440016795865,4252,0.2613306794564068,0.5832549388523048,3.4153785849110996,0.523365637050011,0.053,ns,199549.39115142822,146275.99220160395,81063.03040733933
BGD.3.1.19.1_1,BGD,Bangladesh,BGD.3_1,Dhaka,BGD.3.1_1,Dhaka,BGD.3.1.19_1,Kalabagan,Ward No-50,NA,Union,Union,30263350,86,Ward No-50,Kalabagan,30.00176959514015,791,0.15832498153452626,0.9962073324905183,2.5927081632553843,0.2753972199009777,0.269,ns,59905.69869995117,29315.081958293915,5848.733005523682
BGD.3.1.19.2_1,BGD,Bangladesh,BGD.3_1,Dhaka,BGD.3.1_1,Dhaka,BGD.3.1.19_1,Kalabagan,Ward No-51 (Part),NA,Union,Union,30263351,87,Ward No-51 (Part),Kalabagan,29.88968492296007,675,0.19805048688694282,0.9851851851851852,2.4806234910753027,0.22878178092430698,0.315,ns,38569.11573791504,14087.812999248505,406.651309967041
BGD.3.1.20.1_1,BGD,Bangladesh,BGD.3_1,Dhaka,BGD.3.1_1,Dhaka,BGD.3.1.20_1,Kamrangir Char,Sultanganj,NA,Union,Union,30263451,88,Sultanganj,Kamrangir Char,31.773948014056096,1525,0.19545153907332263,0.9573770491803278,4.36488658217133,1.3991540763570498,0.001,hot,60060.07904815674,54567.80793528259,53770.518156051636
BGD.3.1.21.1_1,BGD,Bangladesh,BGD.3_1,Dhaka,BGD.3.1_1,Dhaka,BGD.3.1.21_1,Keraniganj,Aganagar,NA,Union,Union,30263811,89,Aganagar,Keraniganj,30.873635599632525,1603,0.2163664458397397,0.9301310043668122,3.4645741677477595,0.891004755939467,0.039,hot,44955.84079742432,39380.95789241791,30555.66705238819
BGD.3.1.21.2_1,BGD,Bangladesh,BGD.3_1,Dhaka,BGD.3.1_1,Dhaka,BGD.3.1.21_1,Keraniganj,Basta,NA,Union,Union,30263813,90,Basta,Keraniganj,29.680226766421402,25319,0.48272639236079795,0.06378608949800545,2.2711653345366365,0.43347863135022086,0.137,ns,37542.93091583252,11346.405822765082,6678.608684476363
BGD.3.1.21.3_1,BGD,Bangladesh,BGD.3_1,Dhaka,BGD.3.1_1,Dhaka,BGD.3.1.21_1,Keraniganj,Hazratpur,NA,Union,Union,30263817,91,Hazratpur,Keraniganj,28.38750780234683,22074,0.5434236769758781,0.0309413789979161,0.9784463704620627,-0.5550156183513717,0.161,ns,24401.517629146576,546.1540477434173,175.80128300189972
BGD.3.1.21.4_1,BGD,Bangladesh,BGD.3_1,Dhaka,BGD.3.1_1,Dhaka,BGD.3.1.21_1,Keraniganj,Kalatia,NA,Union,Union,30263825,92,Kalatia,Keraniganj,28.511717429570474,20662,0.5608534903933805,0.02279546994482625,1.1026559976857087,-0.5213624202331212,0.127,ns,28377.33086872101,1607.9879067247966,634.6034146472812
BGD.3.1.21.5_1,BGD,Bangladesh,BGD.3_1,Dhaka,BGD.3.1_1,Dhaka,BGD.3.1.21_1,Keraniganj,Kalindi,NA,Union,Union,30263834,93,Kalindi,Keraniganj,30.637066698657105,6955,0.34457848699379107,0.3851905104241553,3.228005266772339,0.9947040432096454,0.001,hot,26103.6683511734,16676.582340970635,10053.37873424543
BGD.3.1.21.6_1,BGD,Bangladesh,BGD.3_1,Dhaka,BGD.3.1_1,Dhaka,BGD.3.1.21_1,Keraniganj,Konda,NA,Union,Union,30263843,94,Konda,Keraniganj,30.32000816620809,28597,0.37422651896540404,0.19904185753750395,2.910946734323325,0.9657244050931238,0.024,hot,52728.32644057274,25376.21218934469,14916.64298300678
BGD.3.1.21.7_1,BGD,Bangladesh,BGD.3_1,Dhaka,BGD.3.1_1,Dhaka,BGD.3.1.21_1,Keraniganj,Ruhitpur,NA,Union,Union,30263851,95,Ruhitpur,Keraniganj,28.69459291585613,18687,0.517962711665313,0.05147963825119067,1.285531483971365,-0.35402617132116376,0.258,ns,30738.103519916534,2952.67901075953,1649.241152781804
BGD.3.1.21.8_1,BGD,Bangladesh,BGD.3_1,Dhaka,BGD.3.1_1,Dhaka,BGD.3.1.21_1,Keraniganj,Sakta,NA,Union,Union,30263860,96,Sakta,Keraniganj,29.50478596688554,19275,0.4625433720024025,0.20357976653696497,2.095724535000773,0.08771082611504001,0.382,ns,52077.50280094147,14845.05835870438,5492.834436375939
BGD.3.1.21.9_1,BGD,Bangladesh,BGD.3_1,Dhaka,BGD.3.1_1,Dhaka,BGD.3.1.21_1,Keraniganj,Subhadya (Part),NA,Union,Union,30263869,97,Subhadya (Part),Keraniganj,31.420245155181966,13057,0.30118759279629714,0.4443593474764494,4.011183723297201,0.809168032501834,0.004,hot,82439.8348121643,68102.36775266752,52844.321906874655
BGD.3.1.21.10_1,BGD,Bangladesh,BGD.3_1,Dhaka,BGD.3.1_1,Dhaka,BGD.3.1.21_1,Keraniganj,Taranagar,NA,Union,Union,30263877,98,Taranagar,Keraniganj,29.024117613408386,21262,0.4903996564723308,0.061659298278619136,1.6150561815236202,-0.4026439987250582,0.219,ns,30301.159459114075,5162.927821380552,2910.022214683704
BGD.3.1.21.11_1,BGD,Bangladesh,BGD.3_1,Dhaka,BGD.3.1_1,Dhaka,BGD.3.1.21_1,Keraniganj,Tegharia,NA,Union,Union,30263886,99,Tegharia,Keraniganj,30.549221247683914,21040,0.40847257966806,0.1488593155893536,3.140159815799148,0.7220151544105913,0.111,ns,38513.01594352722,21729.458651969326,15943.284062092425
BGD.3.1.21.12_1,BGD,Bangladesh,BGD.3_1,Dhaka,BGD.3.1_1,Dhaka,BGD.3.1.21_1,Keraniganj,Zinjira,NA,Union,Union,30263894,100,Zinjira,Keraniganj,30.568282461638496,2020,0.22318707294024454,0.9267326732673268,3.1592210297537306,1.1531170339067487,0.001,hot,45083.34490585327,30358.87521712482,18613.536010578275
BGD.3.1.22.1_1,BGD,Bangladesh,BGD.3_1,Dhaka,BGD.3.1_1,Dhaka,BGD.3.1.22_1,Khilgaon,Dakshingaon (Part),NA,Union,Union,30263660,101,Dakshingaon (Part),Khilgaon,29.405249884612026,3891,0.3063107479322511,0.44538679002827036,1.9961884527272602,-0.2647744902622342,0.211,ns,123994.6813659668,60039.00176054239,31694.917150437832
BGD.3.1.22.2_1,BGD,Bangladesh,BGD.3_1,Dhaka,BGD.3.1_1,Dhaka,BGD.3.1.22_1,Khilgaon,Nasirabad,NA,Union,Union,30263685,102,Nasirabad,Khilgaon,27.315500855677335,6695,0.41121908609015984,0.02957430918595967,-0.0935605762074303,-0.40486629758825027,0.372,ns,14647.579263687134,14.429441452026367,0.0
BGD.3.1.22.3_1,BGD,Bangladesh,BGD.3_1,Dhaka,BGD.3.1_1,Dhaka,BGD.3.1.22_1,Khilgaon,Ward No-24,NA,Union,Union,30263624,103,Ward No-24,Khilgaon,30.099205143134263,1029,0.19162808820054086,0.9173955296404276,2.6901437112494975,0.37425636148412444,0.186,ns,83594.43600463867,50614.84780728817,10399.83002281189
BGD.3.1.22.4_1,BGD,Bangladesh,BGD.3_1,Dhaka,BGD.3.1_1,Dhaka,BGD.3.1.22_1,Khilgaon,Ward No-25,NA,Union,Union,30263625,104,Ward No-25,Khilgaon,30.137768560461875,1057,0.18710665020637052,0.9905392620624409,2.72870712857711,0.30022719059506453,0.324,ns,100524.3607788086,57876.44100856781,15176.685693740845
BGD.3.1.22.5_1,BGD,Bangladesh,BGD.3_1,Dhaka,BGD.3.1_1,Dhaka,BGD.3.1.22_1,Khilgaon,Ward No-26,NA,Union,Union,30263626,105,Ward No-26,Khilgaon,29.858135051309876,2239,0.20573617069382602,0.9088878963823135,2.4490736194251106,0.2833145769404766,0.218,ns,135105.61527252197,61885.67035663128,41136.85342025757
BGD.3.1.23.1_1,BGD,Bangladesh,BGD.3_1,Dhaka,BGD.3.1_1,Dhaka,BGD.3.1.23_1,Khilkhet,Dakshinkhan (part),NA,Union,Union,30263738,106,Dakshinkhan (part),Khilkhet,28.237743441496796,6277,0.3421825273984725,0.1645690616536562,0.8286820096120309,-0.5883446538163966,0.078,ns,29223.646485328674,339.51628893613815,0.0
BGD.3.1.23.2_1,BGD,Bangladesh,BGD.3_1,Dhaka,BGD.3.1_1,Dhaka,BGD.3.1.23_1,Khilkhet,Dumni,NA,Union,Union,30263749,107,Dumni,Khilkhet,28.86363073484565,5262,0.27838440970399114,0.16552641581147853,1.4545693029608842,-0.2814698762055751,0.37,ns,5869.300589561462,64.72095735371113,47.79016447067261
BGD.3.1.23.3_1,BGD,Bangladesh,BGD.3_1,Dhaka,BGD.3.1_1,Dhaka,BGD.3.1.23_1,Khilkhet,Ward No-17 (Part),NA,Union,Union,30263717,108,Ward No-17 (Part),Khilkhet,29.027039466695786,4753,0.20919180775714527,0.7012413212707763,1.6179780348110206,-0.23313013132825355,0.308,ns,102289.27556228638,12627.400101616979,5226.190822429955
BGD.3.1.24.1_1,BGD,Bangladesh,BGD.3_1,Dhaka,BGD.3.1_1,Dhaka,BGD.3.1.24_1,Kotwali,Ward No-68 (Part),NA,Union,Union,30264068,109,Ward No-68 (Part),Kotwali,30.212420376864348,198,0.15165257254483724,0.9595959595959596,2.803358944979582,0.6433134712836011,0.042,hot,22803.906982421875,15440.22331237793,3309.245629310608
BGD.3.1.24.3_1,BGD,Bangladesh,BGD.3_1,Dhaka,BGD.3.1_1,Dhaka,BGD.3.1.24_1,Kotwali,Ward No-72,NA,Union,Union,30264072,111,Ward No-72,Kotwali,30.07943582310923,213,0.1542252661406714,0.9859154929577465,2.6703743912244633,0.600933331998109,0.113,ns,38365.16760253906,19549.727752685547,4604.247756958008
BGD.3.1.24.4_1,BGD,Bangladesh,BGD.3_1,Dhaka,BGD.3.1_1,Dhaka,BGD.3.1.24_1,Kotwali,Ward No-73,NA,Union,Union,30264073,112,Ward No-73,Kotwali,30.592289958508488,394,0.21288088037807323,0.916243654822335,3.183228526623722,0.7341779136436046,0.033,hot,38522.78045654297,28665.152223587036,11801.184532165527
BGD.3.1.25.2_1,BGD,Bangladesh,BGD.3_1,Dhaka,BGD.3.1_1,Dhaka,BGD.3.1.25_1,Lalbagh,Ward No-59,NA,Union,Union,30264259,114,Ward No-59,Lalbagh,30.13561118395397,591,0.27635235401176156,0.7851099830795262,2.7265497520692037,0.9546972910207516,0.002,hot,60504.04080200195,37606.45066738129,14048.091889619827
BGD.3.1.25.3_1,BGD,Bangladesh,BGD.3_1,Dhaka,BGD.3.1_1,Dhaka,BGD.3.1.25_1,Lalbagh,Ward No-60,NA,Union,Union,30264260,115,Ward No-60,Lalbagh,32.055769886502645,479,0.17007087914580343,0.9895615866388309,4.64670845461788,1.3283729395681076,0.001,hot,43004.516174316406,43004.516174316406,40125.02331542969
BGD.3.1.25.4_1,BGD,Bangladesh,BGD.3_1,Dhaka,BGD.3.1_1,Dhaka,BGD.3.1.25_1,Lalbagh,Ward No-61,NA,Union,Union,30264261,116,Ward No-61,Lalbagh,30.606283877940662,445,0.20082075376524014,0.9011235955056179,3.1972224460558962,0.9025334883170975,0.014,hot,58056.799392700195,45126.74397087097,20308.156498476863
BGD.3.1.25.5_1,BGD,Bangladesh,BGD.3_1,Dhaka,BGD.3.1_1,Dhaka,BGD.3.1.25_1,Lalbagh,Ward No-62,NA,Union,Union,30264262,117,Ward No-62,Lalbagh,29.519036865234376,1005,0.2841542285695598,0.7154228855721393,2.109975433349611,0.29631663700000765,0.185,ns,90890.68612670898,29545.899922847748,2749.9575958251953
BGD.3.1.25.6_1,BGD,Bangladesh,BGD.3_1,Dhaka,BGD.3.1_1,Dhaka,BGD.3.1.25_1,Lalbagh,Ward No-91,NA,Union,Union,30264291,118,Ward No-91,Lalbagh,31.59998047686398,1354,0.19908693127411156,0.982274741506647,4.190919044979214,1.5050837144730627,0.001,hot,89226.65214538574,88885.37986701727,88563.51279449463
BGD.3.1.25.7_1,BGD,Bangladesh,BGD.3_1,Dhaka,BGD.3.1_1,Dhaka,BGD.3.1.25_1,Lalbagh,Ward No-92,NA,Union,Union,30264292,119,Ward No-92,Lalbagh,31.700665585280674,788,0.20764285853595904,0.8895939086294417,4.291604153395909,1.4687301112474862,0.001,hot,68911.70593261719,68768.61129760742,66483.96032714844
BGD.3.1.26.1_1,BGD,Bangladesh,BGD.3_1,Dhaka,BGD.3.1_1,Dhaka,BGD.3.1.26_1,Mirpur,Ward No-07 (Part),NA,Union,Union,30264807,120,Ward No-07 (Part),Mirpur,30.13853412438493,1086,0.2512260274361291,0.9051565377532228,2.7294726925001633,0.45745123427684803,0.119,ns,82003.31466674805,47717.13317376375,13408.228192877024
BGD.3.1.26.2_1,BGD,Bangladesh,BGD.3_1,Dhaka,BGD.3.1_1,Dhaka,BGD.3.1.26_1,Mirpur,Ward No-11,NA,Union,Union,30264811,121,Ward No-11,Mirpur,30.281936064349328,1129,0.24922464155749582,0.8600531443755536,2.872874632464562,0.671179746856158,0.061,ns,84218.87336730957,52061.64347219467,19710.04154896736
BGD.3.1.26.3_1,BGD,Bangladesh,BGD.3_1,Dhaka,BGD.3.1_1,Dhaka,BGD.3.1.26_1,Mirpur,Ward No-12,NA,Union,Union,30264812,122,Ward No-12,Mirpur,30.100462826621673,1789,0.2306238625754585,0.9072107322526551,2.691401394736907,0.4417477065455914,0.18,ns,179357.37452697754,85925.95678520203,31409.85003376007
BGD.3.1.26.4_1,BGD,Bangladesh,BGD.3_1,Dhaka,BGD.3.1_1,Dhaka,BGD.3.1.26_1,Mirpur,Ward No-13,NA,Union,Union,30264813,123,Ward No-13,Mirpur,30.24648702020876,2312,0.20343024649086913,0.9839965397923875,2.8374255883239954,0.5840931493172474,0.067,ns,229097.57328796387,155017.5164320171,44911.83700942993
BGD.3.1.26.5_1,BGD,Bangladesh,BGD.3_1,Dhaka,BGD.3.1_1,Dhaka,BGD.3.1.26_1,Mirpur,Ward No-14 (part),NA,Union,Union,30264814,124,Ward No-14 (part),Mirpur,30.30852117339309,862,0.18958400348050136,0.9988399071925754,2.8994597415083234,0.7116274277560619,0.051,ns,87488.83380126953,66687.12127780914,17000.021672964096
BGD.3.1.27.1_1,BGD,Bangladesh,BGD.3_1,Dhaka,BGD.3.1_1,Dhaka,BGD.3.1.27_1,Mohammadpur,Ward No-42,NA,Union,Union,30265042,125,Ward No-42,Mohammadpur,30.334441685888816,674,0.19524401410839323,0.9673590504451038,2.9253802540040503,0.6517168343930957,0.1,ns,104062.3236694336,74690.78241062164,25897.53684616089
BGD.3.1.27.2_1,BGD,Bangladesh,BGD.3_1,Dhaka,BGD.3.1_1,Dhaka,BGD.3.1.27_1,Mohammadpur,Ward No-44,NA,Union,Union,30265044,126,Ward No-44,Mohammadpur,30.173620086869384,612,0.21012338052436808,0.9526143790849673,2.7645586549846186,0.6025003861186996,0.091,ns,88170.75018310547,62118.84274339676,7563.003088235855
BGD.3.1.27.3_1,BGD,Bangladesh,BGD.3_1,Dhaka,BGD.3.1_1,Dhaka,BGD.3.1.27_1,Mohammadpur,Ward No-45,NA,Union,Union,30265045,127,Ward No-45,Mohammadpur,29.765044071759835,1506,0.2703712292579541,0.8326693227091634,2.3559826398750694,0.4733268152819305,0.078,ns,165561.49685668945,57643.541503190994,13043.025710105896
BGD.3.1.27.4_1,BGD,Bangladesh,BGD.3_1,Dhaka,BGD.3.1_1,Dhaka,BGD.3.1.27_1,Mohammadpur,Ward No-46,NA,Union,Union,30265046,128,Ward No-46,Mohammadpur,30.103280815224064,3372,0.228379363803942,0.8125741399762753,2.6942193833392984,0.4893091098945503,0.101,ns,68501.31057739258,58910.69170379639,14784.010455727577
BGD.3.1.27.5_1,BGD,Bangladesh,BGD.3_1,Dhaka,BGD.3.1_1,Dhaka,BGD.3.1.27_1,Mohammadpur,Ward No-47(part),NA,Union,Union,30265047,129,Ward No-47(part),Mohammadpur,30.74852532000581,1089,0.2849926321302892,0.6271808999081726,3.3394638881210454,0.598479127523417,0.074,ns,43128.98673248291,30706.84698677063,15847.224905014038
BGD.3.1.27.6_1,BGD,Bangladesh,BGD.3_1,Dhaka,BGD.3.1_1,Dhaka,BGD.3.1.27_1,Mohammadpur,Ward No-51(part),NA,Union,Union,30265051,130,Ward No-51(part),Mohammadpur,29.788116392025277,484,0.2542160210807708,0.8512396694214877,2.379054960140511,0.21155107018334876,0.359,ns,30657.78549194336,8742.718223333359,827.5133550167084
BGD.3.1.28.1_1,BGD,Bangladesh,BGD.3_1,Dhaka,BGD.3.1_1,Dhaka,BGD.3.1.28_1,Motijheel,Ward No-31,NA,Union,Union,30265431,131,Ward No-31,Motijheel,31.460299971790192,1087,0.23985286921317575,0.7727690892364305,4.051238539905427,0.6537927958539402,0.05,ns,87328.1611328125,81007.02953529358,69412.40143013
BGD.3.1.28.2_1,BGD,Bangladesh,BGD.3_1,Dhaka,BGD.3.1_1,Dhaka,BGD.3.1.28_1,Motijheel,Ward No-32,NA,Union,Union,30265432,132,Ward No-32,Motijheel,30.689327772658284,1153,0.2493249425423838,0.7398091934084996,3.280266340773519,0.8463576457793642,0.027,hot,61991.15542602539,53218.30264759064,32545.787510871887
BGD.3.1.28.3_1,BGD,Bangladesh,BGD.3_1,Dhaka,BGD.3.1_1,Dhaka,BGD.3.1.28_1,Motijheel,Ward No-33,NA,Union,Union,30265433,133,Ward No-33,Motijheel,29.818499794085987,479,0.2967760712686063,0.7828810020876826,2.4094383622012217,0.6693394304913025,0.061,ns,25629.839904785156,11152.445476803929,1339.9643936157227
BGD.3.1.28.4_1,BGD,Bangladesh,BGD.3_1,Dhaka,BGD.3.1_1,Dhaka,BGD.3.1.28_1,Motijheel,Ward No-34,NA,Union,Union,30265434,134,Ward No-34,Motijheel,29.863851674090274,827,0.2493782967527227,0.8343409915356711,2.454790242205508,0.538955116093357,0.07,ns,81517.3591003418,27649.11310198903,5663.596663475037
BGD.3.1.28.5_1,BGD,Bangladesh,BGD.3_1,Dhaka,BGD.3.1_1,Dhaka,BGD.3.1.28_1,Motijheel,Ward No-35,NA,Union,Union,30265435,135,Ward No-35,Motijheel,30.16863371750404,580,0.1601591175743218,0.9758620689655172,2.7595722856192744,0.3371073581819871,0.232,ns,70875.76953125,41750.71540260315,17552.89527130127
BGD.3.1.29.1_1,BGD,Bangladesh,BGD.3_1,Dhaka,BGD.3.1_1,Dhaka,BGD.3.1.29_1,Nawabganj,Agla,NA,Union,Union,30266211,136,Agla,Nawabganj,27.216650905673745,16235,0.5548387735081629,0.004558053587927317,-0.19241052621102028,-1.4043562192331696,0.005,cold,29345.50107383728,101.98048452660441,6.588670969009399
BGD.3.1.29.2_1,BGD,Bangladesh,BGD.3_1,Dhaka,BGD.3.1_1,Dhaka,BGD.3.1.29_1,Nawabganj,Bakshanagar,NA,Union,Union,30266213,137,Bakshanagar,Nawabganj,27.364297323297922,10075,0.5308406170219109,0.02739454094292804,-0.04476410858684332,-1.4394217301772487,0.002,cold,25329.992694616318,225.54519982635975,124.42535066604614
BGD.3.1.29.3_1,BGD,Bangladesh,BGD.3_1,Dhaka,BGD.3.1_1,Dhaka,BGD.3.1.29_1,Nawabganj,Bandura,NA,Union,Union,30266220,138,Bandura,Nawabganj,27.565230555387725,16454,0.5128708896030774,0.015983955269235444,0.1561691235029592,-1.257394142705428,0.002,cold,36199.79940676689,117.29373291134834,24.424358025193214
BGD.3.1.29.4_1,BGD,Bangladesh,BGD.3_1,Dhaka,BGD.3.1_1,Dhaka,BGD.3.1.29_1,Nawabganj,Barrah,NA,Union,Union,30266227,139,Barrah,Nawabganj,27.761726298449254,18945,0.5501200692851551,0.006175771971496437,0.3526648665644885,-1.304102060508957,0.001,cold,41053.25380754471,172.44482273608446,70.07904947176576
BGD.3.1.29.5_1,BGD,Bangladesh,BGD.3_1,Dhaka,BGD.3.1_1,Dhaka,BGD.3.1.29_1,Nawabganj,Baruakhali,NA,Union,Union,30266233,140,Baruakhali,Nawabganj,27.925734569802103,12341,0.530438653113496,0.003403289846851957,0.516673137917337,-1.1740107442704275,0.004,cold,21678.08125782013,452.29917261726223,184.0003892055247
BGD.3.1.29.6_1,BGD,Bangladesh,BGD.3_1,Dhaka,BGD.3.1_1,Dhaka,BGD.3.1.29_1,Nawabganj,Churain,NA,Union,Union,30266240,141,Churain,Nawabganj,26.93224694172727,23515,0.5808562113779696,0.006974271741441633,-0.4768144901574942,-1.631504415716285,0.001,cold,26090.733050346375,0.0,0.0
BGD.3.1.29.7_1,BGD,Bangladesh,BGD.3_1,Dhaka,BGD.3.1_1,Dhaka,BGD.3.1.29_1,Nawabganj,Galimpur,NA,Union,Union,30266247,142,Galimpur,Nawabganj,26.992771632479265,10550,0.5467818992129434,0.008246445497630333,-0.4162897994055008,-1.5446907907809995,0.002,cold,14194.277019500732,6.864034175872803,0.0
BGD.3.1.29.8_1,BGD,Bangladesh,BGD.3_1,Dhaka,BGD.3.1_1,Dhaka,BGD.3.1.29_1,Nawabganj,Jantrail,NA,Union,Union,30266254,143,Jantrail,Nawabganj,27.61712003252017,21217,0.5331544403625702,0.003676297308761842,0.20805860063540393,-1.2737312478915495,0.003,cold,38729.73059415817,75.96042175311595,0.0
BGD.3.1.29.9_1,BGD,Bangladesh,BGD.3_1,Dhaka,BGD.3.1_1,Dhaka,BGD.3.1.29_1,Nawabganj,Joykrishnapur,NA,Union,Union,30266261,144,Joykrishnapur,Nawabganj,28.060904607285547,17536,0.47200004809931595,0.0048471715328467155,0.6518431754007814,-1.077222079218442,0.026,cold,28388.992338180542,876.172132612206,294.48587316833436
BGD.3.1.29.10_1,BGD,Bangladesh,BGD.3_1,Dhaka,BGD.3.1_1,Dhaka,BGD.3.1.29_1,Nawabganj,Kailail,NA,Union,Union,30266267,145,Kailail,Nawabganj,28.39957754571078,37141,0.5685361304236217,0.007565762903529792,0.9905161138260148,-0.9322385573028266,0.01,cold,57332.891219854355,2241.25842381618,719.4818240748718
BGD.3.1.29.11_1,BGD,Bangladesh,BGD.3_1,Dhaka,BGD.3.1_1,Dhaka,BGD.3.1.29_1,Nawabganj,Kalakopa,NA,Union,Union,30266274,146,Kalakopa,Nawabganj,27.5116860434346,6901,0.5099344435005564,0.04608027822054775,0.10262461154983527,-1.3348905489634066,0.002,cold,19253.625816345215,73.62135538458824,0.0
BGD.3.1.29.12_1,BGD,Bangladesh,BGD.3_1,Dhaka,BGD.3.1_1,Dhaka,BGD.3.1.29_1,Nawabganj,Nayansree,NA,Union,Union,30266281,147,Nayansree,Nawabganj,27.46080855786381,25580,0.5160810842585806,0.003596559812353401,0.05174712597904474,-1.250210637224576,0.004,cold,43725.72022175789,295.33555603027344,211.20832596719265
BGD.3.1.29.13_1,BGD,Bangladesh,BGD.3_1,Dhaka,BGD.3.1_1,Dhaka,BGD.3.1.29_1,Nawabganj,Shikari Para,NA,Union,Union,30266288,148,Shikari Para,Nawabganj,27.548895234823707,12906,0.5251330996730911,0.0031768169843483652,0.13983380293894143,-1.2020232936858213,0.021,cold,24071.350369930267,108.64491844759323,0.0
BGD.3.1.29.14_1,BGD,Bangladesh,BGD.3_1,Dhaka,BGD.3.1_1,Dhaka,BGD.3.1.29_1,Nawabganj,Sholla,NA,Union,Union,30266294,149,Sholla,Nawabganj,27.964485569663683,42463,0.5352153141354463,0.004498033582177425,0.5554241377789175,-1.1377391473926142,0.012,cold,72519.18172454834,1369.2002938094665,499.70777817768976
BGD.3.1.30.1_1,BGD,Bangladesh,BGD.3_1,Dhaka,BGD.3.1_1,Dhaka,BGD.3.1.30_1,New Market,Ward No-52,NA,Union,Union,30266352,150,Ward No-52,New Market,29.67527576149202,1809,0.3343828596368292,0.6213377556661138,2.266214329607255,0.5574998654197892,0.032,hot,92969.0233001709,33624.103344500065,12829.433929085732
BGD.3.1.31.1_1,BGD,Bangladesh,BGD.3_1,Dhaka,BGD.3.1_1,Dhaka,BGD.3.1.31_1,Pallabi,Ward No-02,NA,Union,Union,30266402,151,Ward No-02,Pallabi,29.73319988112466,2621,0.22466724611983596,0.7432277756581458,2.324138449239893,0.5142501380667247,0.15,ns,125795.99936676025,78511.89115130901,35516.27813395858
BGD.3.1.31.2_1,BGD,Bangladesh,BGD.3_1,Dhaka,BGD.3.1_1,Dhaka,BGD.3.1.31_1,Pallabi,Ward No-03,NA,Union,Union,30266403,152,Ward No-03,Pallabi,30.961619142854595,1095,0.20280825100396865,0.9853881278538813,3.552557710969829,0.7310610036164156,0.044,hot,99679.03094482422,96125.19561767578,67304.08129119873
BGD.3.1.31.3_1,BGD,Bangladesh,BGD.3_1,Dhaka,BGD.3.1_1,Dhaka,BGD.3.1.31_1,Pallabi,Ward No-05,NA,Union,Union,30266405,153,Ward No-05,Pallabi,31.51353915345435,1530,0.2005646527446563,0.9588235294117647,4.104477721569584,0.4423646692871659,0.19,ns,113207.99514770508,111284.4602355957,97117.309715271
BGD.3.1.31.4_1,BGD,Bangladesh,BGD.3_1,Dhaka,BGD.3.1_1,Dhaka,BGD.3.1.31_1,Pallabi,Ward No-06,NA,Union,Union,30266406,154,Ward No-06,Pallabi,29.830547619840118,4797,0.2802134207466356,0.7102355638941005,2.4214861879553524,0.4602423302067975,0.121,ns,164965.9101753235,90965.1680957079,36681.57209420204
BGD.3.1.31.5_1,BGD,Bangladesh,BGD.3_1,Dhaka,BGD.3.1_1,Dhaka,BGD.3.1.31_1,Pallabi,Ward No-15 (part),NA,Union,Union,30266415,155,Ward No-15 (part),Pallabi,28.905543500835652,1594,0.3668101112378137,0.46486825595984943,1.4964820689508862,0.2603381377751002,0.233,ns,12937.695281982422,2978.0631437301636,388.4996716976166
BGD.3.1.32.1_1,BGD,Bangladesh,BGD.3_1,Dhaka,BGD.3.1_1,Dhaka,BGD.3.1.32_1,Paltan,Ward No-36,NA,Union,Union,30266536,156,Ward No-36,Paltan,30.254615982625584,1419,0.16968695915201082,0.9422128259337562,2.845554550740818,0.4606475039375759,0.103,ns,89743.93284606934,39612.63347098231,14277.587784528732
BGD.3.1.33.1_1,BGD,Bangladesh,BGD.3_1,Dhaka,BGD.3.1_1,Dhaka,BGD.3.1.33_1,Ramna,Ward No-53,NA,Union,Union,30266653,157,Ward No-53,Ramna,29.295142947465944,1950,0.2817076403437517,0.7287179487179487,1.8860815155811785,0.23822034635301093,0.227,ns,116115.77435302734,20710.1003600955,2750.611431121826
BGD.3.1.33.2_1,BGD,Bangladesh,BGD.3_1,Dhaka,BGD.3.1_1,Dhaka,BGD.3.1.33_1,Ramna,Ward No-54,NA,Union,Union,30266654,158,Ward No-54,Ramna,29.74729712534759,944,0.21141600589094273,0.913135593220339,2.338235693462824,0.4079091024263463,0.175,ns,55423.298110961914,20113.03782939911,7210.979594230652
BGD.3.1.33.3_1,BGD,Bangladesh,BGD.3_1,Dhaka,BGD.3.1_1,Dhaka,BGD.3.1.33_1,Ramna,Ward No-55,NA,Union,Union,30266655,159,Ward No-55,Ramna,30.030160864194233,768,0.2307524661688755,0.8880208333333334,2.6210994323094674,0.41270296893417324,0.162,ns,49867.582275390625,21865.199515342712,7925.152547359467
BGD.3.1.34.1_1,BGD,Bangladesh,BGD.3_1,Dhaka,BGD.3.1_1,Dhaka,BGD.3.1.34_1,Rampura,Ward No-22,NA,Union,Union,30266722,160,Ward No-22,Rampura,29.761871041728476,2370,0.18991699818568894,0.9409282700421941,2.3528096098437103,0.399648073565082,0.134,ns,158139.1668701172,60294.83672493696,16024.495704293251
BGD.3.1.34.2_1,BGD,Bangladesh,BGD.3_1,Dhaka,BGD.3.1_1,Dhaka,BGD.3.1.34_1,Rampura,Ward No-23,NA,Union,Union,30266723,161,Ward No-23,Rampura,29.893692439477935,866,0.1898263110471384,0.8960739030023095,2.484631007593169,0.2871651419550508,0.253,ns,59502.31123352051,29853.88331413269,7036.207845211029
BGD.3.1.35.1_1,BGD,Bangladesh,BGD.3_1,Dhaka,BGD.3.1_1,Dhaka,BGD.3.1.35_1,Sabujbagh,Dakshingaon (Part),NA,Union,Union,30266860,162,Dakshingaon (Part),Sabujbagh,28.387871297200522,2280,0.40026294853080785,0.2833333333333333,0.9788098653157569,-0.0701947857165898,0.483,ns,51201.865354537964,5649.92537753284,1268.4287326335907
BGD.3.1.35.2_1,BGD,Bangladesh,BGD.3_1,Dhaka,BGD.3.1_1,Dhaka,BGD.3.1.35_1,Sabujbagh,Manda,NA,Union,Union,30266882,163,Manda,Sabujbagh,29.609257835728602,1524,0.35456038123666456,0.5360892388451444,2.2001964038438366,0.43743591353825817,0.12,ns,58505.51112365723,29616.275440216064,14133.229289531708
BGD.3.1.35.3_1,BGD,Bangladesh,BGD.3_1,Dhaka,BGD.3.1_1,Dhaka,BGD.3.1.35_1,Sabujbagh,Ward No-27,NA,Union,Union,30266827,164,Ward No-27,Sabujbagh,29.954791684163784,1093,0.2093536772331511,0.9634034766697164,2.545730252279018,0.2767692974541776,0.241,ns,111297.44509887695,49533.834727048874,10489.462120056152
BGD.3.1.35.4_1,BGD,Bangladesh,BGD.3_1,Dhaka,BGD.3.1_1,Dhaka,BGD.3.1.35_1,Sabujbagh,Ward No-28,NA,Union,Union,30266828,165,Ward No-28,Sabujbagh,29.551627745189005,1183,0.2574348467782404,0.8799661876584953,2.14256631330424,0.2968934290262811,0.251,ns,79496.9017791748,15948.408304274082,1643.6740463674068
BGD.3.1.35.5_1,BGD,Bangladesh,BGD.3_1,Dhaka,BGD.3.1_1,Dhaka,BGD.3.1.35_1,Sabujbagh,Ward No-29,NA,Union,Union,30266829,166,Ward No-29,Sabujbagh,30.353811717103305,682,0.19027621579790743,0.9369501466275659,2.9447502852185394,0.645927652445981,0.106,ns,57064.85940551758,38890.04000091553,10033.162609100342
BGD.3.1.35.6_1,BGD,Bangladesh,BGD.3_1,Dhaka,BGD.3.1_1,Dhaka,BGD.3.1.35_1,Sabujbagh,Ward No-30,NA,Union,Union,30266830,167,Ward No-30,Sabujbagh,30.9446925871362,466,0.19270142436411247,0.9570815450643777,3.5356311552514335,0.9141985140387636,0.018,hot,44225.80668640137,35482.514516830444,24452.804257392883
BGD.3.1.36.1_1,BGD,Bangladesh,BGD.3_1,Dhaka,BGD.3.1_1,Dhaka,BGD.3.1.36_1,Savar,Amin Bazar,NA,Union,Union,30267215,168,Amin Bazar,Savar,30.19739029801588,6062,0.2957696766896448,0.16595183107885186,2.7883288661311134,0.20403708497009065,0.362,ns,10997.568419456482,8632.671479947865,6129.4430816322565
BGD.3.1.36.2_1,BGD,Bangladesh,BGD.3_1,Dhaka,BGD.3.1_1,Dhaka,BGD.3.1.36_1,Savar,Ashulia,NA,Union,Union,30267218,169,Ashulia,Savar,28.727272566458726,29328,0.4517901863468901,0.29821331151118385,1.3182111345739607,-0.7438233355352344,0.027,cold,106199.81765890121,27659.58075968639,13922.41217155382
BGD.3.1.36.3_1,BGD,Bangladesh,BGD.3_1,Dhaka,BGD.3.1_1,Dhaka,BGD.3.1.36_1,Savar,Banagram,NA,Union,Union,30267222,170,Banagram,Savar,28.27251016326245,18097,0.5120706121682883,0.0622202575012433,0.8634487313776837,-0.6737592201346906,0.078,ns,33018.76450061798,2558.086695513106,1008.4086152277887
BGD.3.1.36.4_1,BGD,Bangladesh,BGD.3_1,Dhaka,BGD.3.1_1,Dhaka,BGD.3.1.36_1,Savar,Bhakurta,NA,Union,Union,30267227,171,Bhakurta,Savar,28.514817690258504,19653,0.5053557888077506,0.05597109856001628,1.105756258373738,-0.1183784095806751,0.431,ns,25836.463851690292,2290.518877306371,730.9866742221639
BGD.3.1.36.5_1,BGD,Bangladesh,BGD.3_1,Dhaka,BGD.3.1_1,Dhaka,BGD.3.1.36_1,Savar,Biralia,NA,Union,Union,30267233,172,Biralia,Savar,28.488502059744626,32124,0.48605753808296115,0.05481882704519985,1.07944062785986,-0.6584932783605888,0.078,ns,41034.320358753204,3991.946389186196,2020.5261708199978
BGD.3.1.36.6_1,BGD,Bangladesh,BGD.3_1,Dhaka,BGD.3.1_1,Dhaka,BGD.3.1.36_1,Savar,Dhamsana,NA,Union,Union,30267239,173,Dhamsana,Savar,28.201439595998654,36891,0.47085907440028213,0.32972811796915236,0.7923781641138881,-1.192834415163321,0.004,cold,153854.23501300812,58631.714679725235,37427.020689056255
BGD.3.1.36.7_1,BGD,Bangladesh,BGD.3_1,Dhaka,BGD.3.1_1,Dhaka,BGD.3.1.36_1,Savar,Kaundia,NA,Union,Union,30267250,174,Kaundia,Savar,28.065126395131255,11634,0.4764526707621524,0.1072717895822589,0.6560649632464894,-0.010152877603966827,0.388,ns,14643.46113872528,6146.908506915439,2993.2829902097583
BGD.3.1.36.8_1,BGD,Bangladesh,BGD.3_1,Dhaka,BGD.3.1_1,Dhaka,BGD.3.1.36_1,Savar,Pathalia(part),NA,Union,Union,30267272,175,Pathalia(part),Savar,27.691779891496925,31694,0.5085349378870749,0.13930081403420205,0.282718459612159,-1.1276495238885917,0.002,cold,94523.54612874985,7755.810530248098,3459.721245765686
BGD.3.1.36.9_1,BGD,Bangladesh,BGD.3_1,Dhaka,BGD.3.1_1,Dhaka,BGD.3.1.36_1,Savar,Savar,NA,Union,Union,30267278,176,Savar,Savar,27.88350153274421,8597,0.5476317574246562,0.11690124462021635,0.474440100859443,-0.8129158043809825,0.054,ns,24232.704540252686,1351.6548548713326,555.0545921623707
BGD.3.1.36.10_1,BGD,Bangladesh,BGD.3_1,Dhaka,BGD.3.1_1,Dhaka,BGD.3.1.36_1,Savar,Savar Paurashava,NA,Union,Union,30267299,177,Savar Paurashava,Savar,28.759740288083684,21660,0.44677378290288994,0.44630655586334256,1.3506788561989183,-0.8489174843418273,0.023,cold,173354.32666683197,44521.39076823369,20019.66723181703
BGD.3.1.36.11_1,BGD,Bangladesh,BGD.3_1,Dhaka,BGD.3.1_1,Dhaka,BGD.3.1.36_1,Savar,Shimulia,NA,Union,Union,30267283,178,Shimulia,Savar,27.065536307108143,40072,0.4992921031456694,0.08200239568776203,-0.34352512477662245,-1.6401543731474413,0.003,cold,75009.35293960571,9594.44807681255,5538.703245952725
BGD.3.1.36.12_1,BGD,Bangladesh,BGD.3_1,Dhaka,BGD.3.1_1,Dhaka,BGD.3.1.36_1,Savar,Tetuljhora,NA,Union,Union,30267289,179,Tetuljhora,Savar,29.544402585833733,21721,0.43417330109967717,0.35233184475852863,2.1353411539489677,-0.45078885172808875,0.1,ns,76426.24503922462,36621.71512720152,24816.529122753534
BGD.3.1.36.13_1,BGD,Bangladesh,BGD.3_1,Dhaka,BGD.3.1_1,Dhaka,BGD.3.1.36_1,Savar,Yearpur,NA,Union,Union,30267294,180,Yearpur,Savar,28.116821466731093,27998,0.4498897587759545,0.32938067004786054,0.7077600348463271,-0.7816168484069738,0.148,ns,106640.70905900002,49738.189030898386,29352.485074356664
BGD.3.1.37.1_1,BGD,Bangladesh,BGD.3_1,Dhaka,BGD.3.1_1,Dhaka,BGD.3.1.37_1,Shah Ali,Ward No-08,NA,Union,Union,30267408,181,Ward No-08,Shah Ali,28.94937460871026,4040,0.36156298461379394,0.4599009900990099,1.5403131768254958,0.2541875091352349,0.2,ns,88152.8339138031,50552.815942287445,18617.02518570423
BGD.3.1.38.1_1,BGD,Bangladesh,BGD.3_1,Dhaka,BGD.3.1_1,Dhaka,BGD.3.1.38_1,Shahbagh,Ward No-56(part),NA,Union,Union,30267556,182,Ward No-56(part),Shahbagh,29.534840337842226,3067,0.3321131667311121,0.5467883925660254,2.1257789059574606,0.33483132801291277,0.163,ns,118042.0535736084,40851.67906343937,16718.80308651924
BGD.3.1.38.2_1,BGD,Bangladesh,BGD.3_1,Dhaka,BGD.3.1_1,Dhaka,BGD.3.1.38_1,Shahbagh,Ward No-57,NA,Union,Union,30267557,183,Ward No-57,Shahbagh,29.496570485883055,1356,0.33130207519351906,0.6297935103244838,2.0875090539982892,0.15793289370838282,0.346,ns,73755.52732849121,22123.451048851013,2309.601620197296
BGD.3.1.39.1_1,BGD,Bangladesh,BGD.3_1,Dhaka,BGD.3.1_1,Dhaka,BGD.3.1.39_1,Sher-e-bangla Nagar,Ward No-40 (Part),NA,Union,Union,30268040,184,Ward No-40 (Part),Sher-e-bangla Nagar,29.835245892168096,3201,0.35578872951289353,0.4885973133395814,2.4261844602833307,0.40951509849308676,0.118,ns,125561.99848175049,59119.390996307135,19847.66648517549
BGD.3.1.39.2_1,BGD,Bangladesh,BGD.3_1,Dhaka,BGD.3.1_1,Dhaka,BGD.3.1.39_1,Sher-e-bangla Nagar,Ward No-41,NA,Union,Union,30268041,185,Ward No-41,Sher-e-bangla Nagar,30.170028879905797,1657,0.22587020329200294,0.8811104405552203,2.760967448021031,0.5774232720088165,0.074,ns,115167.12042236328,66275.10310029984,24450.773907661438
BGD.3.1.40.1_1,BGD,Bangladesh,BGD.3_1,Dhaka,BGD.3.1_1,Dhaka,BGD.3.1.40_1,Shyampur,Ward No-83,NA,Union,Union,30267683,186,Ward No-83,Shyampur,31.164496651832973,738,0.1991195501633453,0.907859078590786,3.7554352199482075,1.2918773842752502,0.001,hot,26557.7589263916,25284.213005304337,19290.452568292618
BGD.3.1.40.2_1,BGD,Bangladesh,BGD.3_1,Dhaka,BGD.3.1_1,Dhaka,BGD.3.1.40_1,Shyampur,Ward No-87,NA,Union,Union,30267687,187,Ward No-87,Shyampur,31.85846932511649,731,0.14095096899611842,0.987688098495212,4.449407893231726,1.2368903813821683,0.001,hot,38419.63186645508,38419.63186645508,37228.52892398834
BGD.3.1.40.3_1,BGD,Bangladesh,BGD.3_1,Dhaka,BGD.3.1_1,Dhaka,BGD.3.1.40_1,Shyampur,Ward No-90,NA,Union,Union,30267690,188,Ward No-90,Shyampur,32.142986571114015,1060,0.1796791332721148,0.9235849056603773,4.73392513922925,1.4646583254734906,0.001,hot,42727.261711120605,42365.65546417236,39144.0043926239
BGD.3.1.41.1_1,BGD,Bangladesh,BGD.3_1,Dhaka,BGD.3.1_1,Dhaka,BGD.3.1.41_1,Sutrapur,Ward No-74,NA,Union,Union,30268874,189,Ward No-74,Sutrapur,30.876083731905485,469,0.1436115460100967,0.9936034115138592,3.4670223000207194,0.6733231911910046,0.034,hot,34592.74353027344,34256.94747924805,17929.696077883244
BGD.3.1.41.2_1,BGD,Bangladesh,BGD.3_1,Dhaka,BGD.3.1_1,Dhaka,BGD.3.1.41_1,Sutrapur,Ward No-75,NA,Union,Union,30268875,190,Ward No-75,Sutrapur,30.919467566148292,583,0.1873379418335689,0.9433962264150944,3.510406134263526,0.9861819756654377,0.002,hot,26878.12677001953,23230.837593078613,16480.35426425934
BGD.3.1.41.3_1,BGD,Bangladesh,BGD.3_1,Dhaka,BGD.3.1_1,Dhaka,BGD.3.1.41_1,Sutrapur,Ward No-77,NA,Union,Union,30268877,191,Ward No-77,Sutrapur,30.241028997871314,445,0.15399612188339235,0.952808988764045,2.831967565986549,0.6967490397947704,0.058,ns,30440.418365478516,20642.37332344055,5212.875
BGD.3.1.41.4_1,BGD,Bangladesh,BGD.3_1,Dhaka,BGD.3.1_1,Dhaka,BGD.3.1.41_1,Sutrapur,Ward No-78,NA,Union,Union,30268878,192,Ward No-78,Sutrapur,30.03902980964932,309,0.1543807304889253,0.970873786407767,2.6299683777645555,0.6507807258848907,0.025,hot,20237.015838623047,10937.681166172028,1646.6772947311401
BGD.3.1.41.5_1,BGD,Bangladesh,BGD.3_1,Dhaka,BGD.3.1_1,Dhaka,BGD.3.1.41_1,Sutrapur,Ward No-79,NA,Union,Union,30268879,193,Ward No-79,Sutrapur,30.351314265553544,492,0.17229227503625358,0.9796747967479674,2.9422528336687783,0.722869808519937,0.033,hot,15083.793243408203,7772.029242515564,2801.3941040039062
BGD.3.1.41.6_1,BGD,Bangladesh,BGD.3_1,Dhaka,BGD.3.1_1,Dhaka,BGD.3.1.41_1,Sutrapur,Ward No-80 (Part),NA,Union,Union,30268880,194,Ward No-80 (Part),Sutrapur,30.15218706273321,134,0.16609786478663557,0.9552238805970149,2.743125630848443,0.6129242669539888,0.084,ns,11022.967956542969,5824.212152004242,2022.7043228149414
BGD.3.1.43.1_1,BGD,Bangladesh,BGD.3_1,Dhaka,BGD.3.1_1,Dhaka,BGD.3.1.43_1,Tejgaon,Ward No-38 (Part),NA,Union,Union,30269038,195,Ward No-38 (Part),Tejgaon,30.275945411828108,993,0.27065162915897756,0.8167170191339376,2.866883979943342,0.7466858054473398,0.024,hot,35980.37822723389,28582.287434101105,14309.241632461548
BGD.3.1.43.2_1,BGD,Bangladesh,BGD.3_1,Dhaka,BGD.3.1_1,Dhaka,BGD.3.1.43_1,Tejgaon,Ward No-39,NA,Union,Union,30269039,196,Ward No-39,Tejgaon,30.235214768794545,1254,0.21145355136414465,0.8987240829346093,2.8261533369097798,0.5162717511449727,0.066,ns,70675.60902404785,44068.73604011536,20490.18633031845
BGD.3.1.43.3_1,BGD,Bangladesh,BGD.3_1,Dhaka,BGD.3.1_1,Dhaka,BGD.3.1.43_1,Tejgaon,Ward No-40 (Part),NA,Union,Union,30269040,197,Ward No-40 (Part),Tejgaon,29.91215363181973,482,0.2413487466461802,0.9107883817427386,2.503092199934965,0.5181598254515357,0.173,ns,14389.925827026367,5479.709966063499,1057.6776645183563
BGD.3.1.42.2_1,BGD,Bangladesh,BGD.3_1,Dhaka,BGD.3.1_1,Dhaka,BGD.3.1.42_1,Tejgaon Ind. Area,Ward No-37,NA,Union,Union,30269237,199,Ward No-37,Tejgaon Ind. Area,31.463006719174594,2875,0.2278792810427106,0.8664347826086957,4.053945287289828,0.5385832249102985,0.117,ns,188846.7325744629,159672.47146105766,139250.94683361053
BGD.3.1.42.3_1,BGD,Bangladesh,BGD.3_1,Dhaka,BGD.3.1_1,Dhaka,BGD.3.1.42_1,Tejgaon Ind. Area,Ward No-38 (Part),NA,Union,Union,30269238,200,Ward No-38 (Part),Tejgaon Ind. Area,31.33927744359643,379,0.16610829885999887,0.9894459102902374,3.9302160117116642,0.9550365889808391,0.061,ns,23922.992736816406,23307.153747558594,15779.525827765465
BGD.3.1.44.1_1,BGD,Bangladesh,BGD.3_1,Dhaka,BGD.3.1_1,Dhaka,BGD.3.1.44_1,Turag,Harirampur (Part),NA,Union,Union,30269351,201,Harirampur (Part),Turag,29.707469555651866,26021,0.3117082311532474,0.3570577610391607,2.2984081237671,-0.048278440306863755,0.415,ns,224939.54452896118,110070.44223380089,52284.9022353366
BGD.3.1.45.1_1,BGD,Bangladesh,BGD.3_1,Dhaka,BGD.3.1_1,Dhaka,BGD.3.1.45_1,Uttar Khan,Uttar Khan,NA,Union,Union,30269676,202,Uttar Khan,Uttar Khan,27.05758362557924,22224,0.48890809374516114,0.1892548596112311,-0.3514778063055246,-1.147236964071802,0.098,ns,274359.9830131531,1298.4085636734962,162.78877639770508
BGD.3.1.46.1_1,BGD,Bangladesh,BGD.3_1,Dhaka,BGD.3.1_1,Dhaka,BGD.3.1.46_1,Uttara,Ward No-01,NA,Union,Union,30269501,203,Ward No-01,Uttara,28.9520004745884,7542,0.2028827541365773,0.9024131530098117,1.5429390427036331,-0.12435958893201741,0.41,ns,358012.01779174805,28674.41110152006,8237.758233621716
